Workbook

Sheet THONG TIN
A3: Tên doanh nghiệp: | C3: Công ty TNHH Trà Vinh Farm
A4: Trụ sở chính : | C4: Ấp Cây Hẹ, xã Phú Cần, huyện Tiểu Cần , tỉnh Trà Vinh
A5: Mã số thuế : | C5: 2 1 0 0 6 4 7 7 3 2

Sheet BÁO CÁO
A1: Tên doanh nghiệp: | C1: ='THONG TIN'!C3 -> Công ty TNHH Trà Vinh Farm
A2: Trụ sở chính: | C2: ='THONG TIN'!C4 -> Ấp Cây Hẹ, xã Phú Cần, huyện Tiểu Cần , tỉnh Trà Vinh
A3: BẢNG BÁO CÁO SẢN LƯỢNG THU HOẠCH MẬT HOA DỪA
B5: Diện tích | D5: ….. Ha | E5: Năm | F5: 2022 | J5: 100L | K5: 50kg mật | L5: 18kg muối
I6: nước tương | J6: 1lit | K6: 0,5 kg mật | L6: 0,18 kg muối
A7: Thời gian | C7: Vườn dừa 1 | D7: Vườn dừa 2 | G7: giá thành | I7: 60ml | J7: =60/1000 -> 0.06 | K7: =0.5*J7/1 -> 0.03 | L7: =0.18*J7/1 -> 0.0108
A8: Tháng 1 | C8: 4072 | H8: =+C8*G11 -> 25589050 | I8: 200ml | J8: =200/1000 -> 0.2 | K8: =0.5*J8/1 -> 0.1 | L8: =0.18*J8/1 -> 0.036
A9: Tháng 2 | C9: 3583 | H9: =+C9*G11 -> 22516101
A10: Tháng 3 | C10: 3914 | H10: =+C10*G11 -> 24596154
A11: Quý I | C11: =SUM(C8:C10) -> 11569 | G11: =+'THẺ GT Q1'!F28 -> 6284.1477
A12: Tháng 4 | C12: 4979 | H12: =+C12*G15 -> 38454479
A13: Tháng 5 | C13: 5011 | H13: =+C13*G15 -> 38701626
A14: Tháng 6 | C14: 5012 | H14: =+C14*G15 -> 38709349
A15: Quý II | C15: =SUM(C12:C14) -> 15002 | G15: =+'THẺ GT Q2'!F28 -> 7723.3339
A16: Tháng 7 | C16: 5065 | H16: =+C16*G19 -> 31873889
A17: Tháng 8 | C17: 5079 | H17: =+C17*G19 -> 31961990
A18: Tháng 9 | C18: 5554 | H18: =+C18*G19 -> 34951150
A19: Quý III | C19: =SUM(C16:C18) -> 15698 | G19: =+'THẺ GT Q3'!F28 -> 6292.9691
A20: Tháng 10 | C20: 5012 | H20: =+C20*G23 -> 33719728
A21: Tháng 11 | C21: 5064 | H21: =+C21*G23 -> 34069574
A22: Tháng 12 | C22: 5025 | H22: =+C22*G23 -> 33807189
A23: Quý IV | C23: =SUM(C20:C22) -> 15101 | G23: =+'THẺ GT Q4'!F28 -> 6727.7989 | H23: =SUM(H8:H22) -> 388950280
C24: =+C11+C15+C19+C23 -> 57370 | G24: =7103 -> 7103
A25: Hướng dẫn | C25: 48170 | G25: =G23-G24 -> -375.20111
C26: =+C24-C25 -> 9200 | G26: =G25*5000 -> -1876005.6

Sheet THẺ GT Q1
A1: ='THONG TIN'!C3 -> Công ty TNHH Trà Vinh Farm | E1: Mẫu số : S 25 - SKT/DNN
A2: ='THONG TIN'!C4 -> Ấp Cây Hẹ, xã Phú Cần, huyện Tiểu Cần , tỉnh Trà Vinh | E2: Ban hành theo quyết định số
E3: 133/2016/TT-BTC ngày 14/06/2016
E4: của bộ tài chính
A6: THẺ TÍNH GIÁ THÀNH SẢN PHẨM
A7: Quý 1 năm 2022
B9: Tên sản phẩm , dịch vụ : Mật hoa dừa
B10: Số lượng sản phẩm , dịch vụ hoàn thành trong kỳ : | E10: =+'BÁO CÁO'!C11 -> 11569
B11: Phương pháp tính giá thành : Giá thành thực tế
A13: Khoản mục chi phí sản xuất kinh doanh | B13: Chi phí SXKD dở dang đầu kỳ | C13: Chi phí SXKD phát sinh trong kỳ | D13: Chi phí SXKD dở dang cuối kỳ | E13: Giá thành sản phẩm dịch vụ trong kỳ
E14: Giá thành | F14: Giá thành đơn vị
A15: 1. Vật liệu
A16: Phân bón | C16: 16450000 | E16: =+B16+C16-D16 -> 16450000
E17: =+B17+C17-D17 -> 0
A18: 2. Nhân công | E18: =+B18+C18-D18 -> 0
A19: Thu mật | C19: =15002979+12636200+16022527+(1103550*3) -> 46972356 | E19: =+B19+C19-D19 -> 46972356
E20: =+B20+C20-D20 -> 0
A21: 3. Máy | E21: =+B21+C21-D21 -> 0
E22: =+B22+C22-D22 -> 0
E23: =+B23+C23-D23 -> 0
A24: 4. Chi phí chung | E24: =+B24+C24-D24 -> 0
A25: Thuê vườn | C25: 0 | E25: =+B25+C25-D25 -> 0
A26: BHXH | C26: =2259650*3 -> 6778950 | E26: =+B26+C26-D26 -> 6778950
A27: Khấu hao | C27: =833333*3 -> 2499999 | E27: =+B27+C27-D27 -> 2499999
A28: Cộng | E28: =SUM(E16:E27) -> 72701305 | F28: =+E28/E10 -> 6284.1477
A31: Người ghi sổ | C31: Kế toán trưởng | E31: Giám đốc
A32: (Ký , họ tên) | C32: (Ký , họ tên) | E32: (Ký , họ tên,đóng dấu)

Sheet THẺ GT Q2
A1: ='THONG TIN'!C3 -> Công ty TNHH Trà Vinh Farm | E1: Mẫu số : S 25 - SKT/DNN
A2: ='THONG TIN'!C4 -> Ấp Cây Hẹ, xã Phú Cần, huyện Tiểu Cần , tỉnh Trà Vinh | E2: Ban hành theo quyết định số
E3: 133/2016/TT-BTC ngày 14/06/2016
E4: của bộ tài chính
A6: THẺ TÍNH GIÁ THÀNH SẢN PHẨM
A7: Quý 2 năm 2022
B9: Tên sản phẩm , dịch vụ : Mật hoa dừa
B10: Số lượng sản phẩm , dịch vụ hoàn thành trong kỳ : | E10: =+'BÁO CÁO'!C15 -> 15002
B11: Phương pháp tính giá thành : Giá thành thực tế
A13: Khoản mục chi phí sản xuất kinh doanh | B13: Chi phí SXKD dở dang đầu kỳ | C13: Chi phí SXKD phát sinh trong kỳ | D13: Chi phí SXKD dở dang cuối kỳ | E13: Giá thành sản phẩm dịch vụ trong kỳ
E14: Giá thành | F14: Giá thành đơn vị
A15: 1. Vật liệu
A16: Phân bón | C16: 37968000 | E16: =+B16+C16-D16 -> 37968000
E17: =+B17+C17-D17 -> 0
A18: 2. Nhân công | E18: =+B18+C18-D18 -> 0
A19: Thu mật | C19: =19249892+22607549+21223215+1103550+1468950+1468950 -> 67122106 | E19: =+B19+C19-D19 -> 67122106
E20: =+B20+C20-D20 -> 0
A21: 3. Máy | E21: =+B21+C21-D21 -> 0
E22: =+B22+C22-D22 -> 0
E23: =+B23+C23-D23 -> 0
A24: 4. Chi phí chung | E24: =+B24+C24-D24 -> 0
A25: Thuê vườn | C25: 0 | E25: =+B25+C25-D25 -> 0
A26: BHXH | C26: =2259650+3007850*2 -> 8275350 | E26: =+B26+C26-D26 -> 8275350
A27: Khấu hao | C27: =833333*3 -> 2499999 | E27: =+B27+C27-D27 -> 2499999
A28: Cộng | E28: =SUM(E16:E27) -> 115865455 | F28: =+E28/E10 -> 7723.3339
A31: Người ghi sổ | C31: Kế toán trưởng | E31: Giám đốc
A32: (Ký , họ tên) | C32: (Ký , họ tên) | E32: (Ký , họ tên,đóng dấu)

Sheet THẺ GT Q3
A1: ='THONG TIN'!C3 -> Công ty TNHH Trà Vinh Farm | E1: Mẫu số : S 25 - SKT/DNN
A2: ='THONG TIN'!C4 -> Ấp Cây Hẹ, xã Phú Cần, huyện Tiểu Cần , tỉnh Trà Vinh | E2: Ban hành theo quyết định số
E3: 133/2016/TT-BTC ngày 14/06/2016
E4: của bộ tài chính
A6: THẺ TÍNH GIÁ THÀNH SẢN PHẨM
A7: Quý 3 năm 2022
B9: Tên sản phẩm , dịch vụ : Mật hoa dừa
B10: Số lượng sản phẩm , dịch vụ hoàn thành trong kỳ : | E10: =+'BÁO CÁO'!C19 -> 15698
B11: Phương pháp tính giá thành : Giá thành thực tế
A13: Khoản mục chi phí sản xuất kinh doanh | B13: Chi phí SXKD dở dang đầu kỳ | C13: Chi phí SXKD phát sinh trong kỳ | D13: Chi phí SXKD dở dang cuối kỳ | E13: Giá thành sản phẩm dịch vụ trong kỳ
E14: Giá thành | F14: Giá thành đơn vị
A15: 1. Vật liệu
A16: Phân bón | C16: 22000000 | E16: =+B16+C16-D16 -> 22000000
E17: =+B17+C17-D17 -> 0
A18: 2. Nhân công | E18: =+B18+C18-D18 -> 0
A19: Thu mật | C19: =19285895+20146377+21424358+(1468950*3) -> 65263480 | E19: =+B19+C19-D19 -> 65263480
E20: =+B20+C20-D20 -> 0
A21: 3. Máy | E21: =+B21+C21-D21 -> 0
E22: =+B22+C22-D22 -> 0
E23: =+B23+C23-D23 -> 0
A24: 4. Chi phí chung | E24: =+B24+C24-D24 -> 0
A25: Thuê vườn | C25: 0 | E25: =+B25+C25-D25 -> 0
A26: BHXH | C26: =3007850*3 -> 9023550 | E26: =+B26+C26-D26 -> 9023550
A27: Khấu hao | C27: =833333*3 -> 2499999 | E27: =+B27+C27-D27 -> 2499999
A28: Cộng | E28: =SUM(E16:E27) -> 98787029 | F28: =+E28/E10 -> 6292.9691
A31: Người ghi sổ | C31: Kế toán trưởng | E31: Giám đốc
A32: (Ký , họ tên) | C32: (Ký , họ tên) | E32: (Ký , họ tên,đóng dấu)

Sheet THẺ GT Q4
A1: ='THONG TIN'!C3 -> Công ty TNHH Trà Vinh Farm | E1: Mẫu số : S 25 - SKT/DNN
A2: ='THONG TIN'!C4 -> Ấp Cây Hẹ, xã Phú Cần, huyện Tiểu Cần , tỉnh Trà Vinh | E2: Ban hành theo quyết định số
E3: 133/2016/TT-BTC ngày 14/06/2016
E4: của bộ tài chính
A6: THẺ TÍNH GIÁ THÀNH SẢN PHẨM
A7: Quý 4 năm 2022
B9: Tên sản phẩm , dịch vụ : Mật hoa dừa
B10: Số lượng sản phẩm , dịch vụ hoàn thành trong kỳ : | E10: =+'BÁO CÁO'!C23 -> 15101
B11: Phương pháp tính giá thành : Giá thành thực tế
A13: Khoản mục chi phí sản xuất kinh doanh | B13: Chi phí SXKD dở dang đầu kỳ | C13: Chi phí SXKD phát sinh trong kỳ | D13: Chi phí SXKD dở dang cuối kỳ | E13: Giá thành sản phẩm dịch vụ trong kỳ
E14: Giá thành | F14: Giá thành đơn vị
A15: 1. Vật liệu
A16: Phân bón | C16: 0 | E16: =+B16+C16-D16 -> 0
E17: =+B17+C17-D17 -> 0
A18: 2. Nhân công | E18: =+B18+C18-D18 -> 0
A19: Thu mật | C19: =21114973+22433454+8000000+12871126+21246539+(1468950*3) -> 90072942 | E19: =+B19+C19-D19 -> 90072942
E20: =+B20+C20-D20 -> 0
A21: 3. Máy | E21: =+B21+C21-D21 -> 0
E22: =+B22+C22-D22 -> 0
E23: =+B23+C23-D23 -> 0
A24: 4. Chi phí chung | E24: =+B24+C24-D24 -> 0
A25: Thuê vườn | C25: 0 | E25: =+B25+C25-D25 -> 0
A26: BHXH | C26: =3007850*3 -> 9023550 | E26: =+B26+C26-D26 -> 9023550
A27: Khấu hao | C27: =833333*3 -> 2499999 | E27: =+B27+C27-D27 -> 2499999
A28: Cộng | E28: =SUM(E16:E27) -> 101596491 | F28: =+E28/E10 -> 6727.7989 | G28: =+'THẺ GT Q1'!E28+'THẺ GT Q2'!E28+'THẺ GT Q3'!E28+'THẺ GT Q4'!E28 -> 388950280
A31: Người ghi sổ | C31: Kế toán trưởng | E31: Giám đốc
A32: (Ký , họ tên) | C32: (Ký , họ tên) | E32: (Ký , họ tên,đóng dấu)
