Workbook

Sheet BANG KE DOANH THU 2025
A1: BẢNG KÊ DOANH THU TRONG NĂM 2025
A3: STT | C3: TÊN | D3: DT THUẦN | E3: GIÁ THÀNH | F3: LỢI NHUẬN
C4: DOANH THU TẠI ĐỊA BÀN ĐẶC BIỆT KHÓ KHĂN | D4: =D5+D6+D7+D8+D9+D10+D11+D12+D13+D14 -> 681033702 | E4: =E5+E6+E7+E8+E9+E10+E11+E12+E13+E14 -> 399102913 | F4: =F5+F6+F7+F8+F9+F10+F11+F12+F13+F14 -> 281930789
A5: 1 | C5: Tư vấn thẩm tra thiết kế và dự toán thuộc dự án Cải tạo nhà thi đấu thể thao phường Trà Vinh | D5: 9397222 | E5: 5507009 | F5: =D5-E5 -> 3890213
A6: 2 | C6: Tư vấn thẩm tra thiết kế và dự toán thuộc dự án Sửa chữa mặt đường hư hỏng, sụp lún đường nội ô phường Trà Vinh | D6: 5141667 | E6: 3013146 | F6: =D6-E6 -> 2128521
A7: 3 | C7: Tư vấn thẩm tra thiết kế và dự toán thuộc dự án Xây dựng, sửa chữa nâng cấp các tuyến đường và hệ thống thoát nước thuộc Phường Hòa Thuận | D7: 21851852 | E7: 12805736 | F7: =D7-E7 -> 9046116
C8: Tư vấn lập báo cáo nghiên cứu khả thi thuộc dự án: Lắp đặt hệ thống thoát nước và lát gạch vỉa hè đường Bạch Đằng (đoạn từ Chu Văn An đến Cầu Tréo) theo HĐ số 35b/2024/HĐ-BCNCKT ngày 19/07/2024 | D8: 52196296 | E8: 30588345 | F8: =D8-E8 -> 21607951
C9: Tư vấn thiết kế bản vẽ thi công và dự toán Hạng mục di dời điện và hoàn trả hệ thống cấp nước thuộc GPMB. Dự án : Lắp đặt hệ thống thoát nước và lát gạch vỉa hè đường Bạch Đằng (đoạn từ Chu Văn An đến Cầu Tréo) | D9: 37200925 | E9: 21800680 | F9: =D9-E9 -> 15400245
A10: 1 | B10: CTY CP Công Trình Đô Thị Trà Vinh | C10: Thanh toán gói thầu 01 tư vấn khảo sát địa hình bước lập báo cáo nghiên cứu khả thi thuộc dự án : Lắp đặt hệ thống thoát nước và lát gạch vỉa hè đường Bạch Đằng (đoạn từ Chu Văn An đến Cầu Tréo) theo HĐ số 35a/2024/HĐ-KS ngày 10/07/2024 | D10: 41596296 | E10: 24376478 | F10: =D10-E10 -> 17219818
A11: 2 | C11: Tư vấn Khảo sát, lập hồ sơ Báo cáo kinh tế kỹ thuật côngtrình :Nạo vét hệ thống thủy lợi nội đồng và lắp đặt bọng trên địa bàn phường 7, 9 và xã Long Đức, thành phố Trà Vinh theo HĐ số 01/2025/HĐ-BCKTKT ngày 17/3/2025 | D11: 85303704 | E11: 49990120 | F11: =D11-E11 -> 35313584
A12: 3 | C12: Tư vấn khảo sát địa hình và lập Báo cáo kinh tế - kỹ thuật thuộc dự án : Nâng cấp các tuyến hẻm trên địa bàn phường Trà Vinh | D12: 102184259 | E12: 59882551 | F12: =D12-E12 -> 42301708
A13: 4 | C13: Tư vấn khảo sát địa hình và lập Báo cáo kinh tế - kỹ thuật thuộc dự ánCải tạo vỉa hè các tuyến đường trên địa bàn phường Trà Vinh | D13: 131506481 | E13: 77066112 | F13: =D13-E13 -> 54440369
A14: 6 | C14: Tư vấn khảo sát địa hình và tư vấn thiết kế bản vẽ thi công và dự toán công trình: Lắp đặt hệ thống thoát nước và lát gạch vỉa hè đường Bạch Đằng (đoạn từ Chu Văn An đến Cầu Tréo) theo HĐ số 02/2025/HĐ-TKBVTC | D14: 194655000 | E14: 114072736 | F14: =D14-E14 -> 80582264
B15: DOANH THU TẠI ĐỊA BÀN KHÓ KHĂN | D15: =SUM(D16:D17) -> 905187963 | E15: =SUM(E16:E17) -> 836894243 | F15: =SUM(F16:F17) -> 68293720
A16: 5 | C16: 2025_CT:khối lượng hoàn thành công trình: Nâng cấp sân đường, hệ thống thoát nước cải tạo hội trường Ban chỉ huy quân sự thành phố Trà Vinh | D16: 802743519 | E16: 776859216 | F16: =D16-E16 -> 25884303
A17: 7 | C17: Tư vấn giám sát thi công xây dựng thuộc dự án Cải tạo và mua sắm trang thiết bị các điểm trường trên địa bàn thành phố Trà Vinh năm 2025 | D17: 102444444 | E17: 60035027 | F17: =D17-E17 -> 42409417
B18: TỔNG CỘNG | D18: =D15+D4 -> 1586221665 | E18: =E15+E4 -> 1235997156 | F18: =F15+F4 -> 350224509
C20: Trà Vinh, ngày 31 tháng 12 năm 2025
C21: GIÁM ĐỐC

Sheet TINH THUE TNDN
A1: CÔNG TY TNHH Tư Vấn Xây Dựng Gia Tiến
A2: MST: 21006322239
A4: BẢNG XÁC ĐỊNH THU NHẬP CHỊU THUẾ TNDN NĂM 2025
A6: Doanh thu | B6: Tỉ lệ / DT | C6: Doanh thu | D6: GIÁ VỐN | E6: CHI PHÍ QUẢN LÝ | F6: Lợi nhuận | G6: TS | H6: Thuế TNDN | I6: Miễn giảm 50% | J6: Số thuế phải nộp
A7: DT ĐỊA BÀN ĐẶC BIỆT KHÓ KHĂN | B7: =+B8+B9 -> 0.42942728 | C7: =+C8+C9 -> 681267061 | D7: =D8+D9 -> 399102913 | E7: =E8+E9 -> 72629136 | F7: =F8+F9 -> 2.0953501e+08 | G7: 0.1 | H7: =F7*G7 -> 20953501 | I7: =+(H7*50%)-1 -> 10476750 | J7: =+H7-I7 -> 10476752
A8: 5113 | B8: =C8/C13 -> 0.42928018 | C8: ='BANG KE DOANH THU 2025'!D4 -> 681033702 | D8: ='BANG KE DOANH THU 2025'!E4 -> 399102913 | E8: =B8*E13 -> 72604258 | F8: =C8-D8-E8 -> 2.0932653e+08
A9: 5151 | B9: =C9/C13 -> 0.00014709462 | C9: 233359 | E9: =B9*E13 -> 24878.148 | F9: =C9-D9-E9 -> 208480.85
A10: DT ĐỊA BÀN KHÓ KHĂN | B10: =C10/C13 -> 0.57057272 | C10: =C11+C12 -> 905187963 | D10: =D11+D12 -> 836894243 | E10: =E11+E12 -> 96501099 | F10: =F11+F12 -> -28207379 | G10: 0.17 | H10: =+G10*F10 -> -4795254.4 | I10: 0 | J10: =+H10-I10 -> -4795254.4
A11: 5112 | B11: =C11/C13 -> 0.50599828 | C11: ='BANG KE DOANH THU 2025'!D16 -> 802743519 | D11: ='BANG KE DOANH THU 2025'!E16 -> 776859216 | E11: =B11*E13 -> 85579609 | F11: =C11-D11-E11 -> -59695306
A12: 5113 | B12: =C12/C13 -> 0.06457444 | C12: ='BANG KE DOANH THU 2025'!D15-'TINH THUE TNDN'!C11 -> 102444444 | D12: ='BANG KE DOANH THU 2025'!E15-'TINH THUE TNDN'!D11 -> 60035027 | E12: =B12*E13 -> 10921490 | F12: =C12-D12-E12 -> 31487927
A13: Tổng cộng | B13: =B7+B10 -> 1 | C13: =+C10+C7 -> 1586455024 | D13: =+D10+D7 -> 1235997156 | E13: 169130235 | F13: =F7+F10 -> 181327633 | H13: =H10+H7 -> 16158247 | I13: =I10+I7 -> 10476750 | J13: =J10+J7 -> 5681497.2
F14: =+C13-#REF!-#REF!-#REF! -> #REF!
C15: 10793007946 | F15: 720227155 | I15: 74441349
C16: 454939007 | F16: =F15-F13 -> 538899522 | I16: =+I15-J13 -> 68759852
C17: 781954 | H17: 54680132
C18: =+C17+C16+C15 -> 11248728907 | H18: =+H17-#REF! -> #REF!
C19: 911 | D19: 632 | E19: 6422 | H19: Song Lộc, ngày 31 tháng 12 năm 2025
H20: GIÁM ĐỐC
E21: miễn 4 giảm 9
E22: 15 năm thuế suất 10%
E23: tính từ 2018
E25: thuế suất 20% | F25: =F13*0.2 -> 36265527
E26: thuế suất ưu đãi | F26: =H13 -> 16158247
E27: chênh lệch | F27: =F25-F26 -> 20107280
