Workbook

Sheet BANG KE DOANH THU CT 2019
A1: CÔNG TY TNHH XD-TM-DV HOÀ LỢI
A2: MST:2100610411
A3: BẢNG KÊ DOANH THU CÁC CÔNG TRÌNH NĂM 2020
A5: STT | B5: TÊN CÔNG TRÌNH | C5: DT THUẦN
B6: CÔNG TRÌNH THUỘC ĐỊA BÀN ĐẶC BIỆT KHÓ KHĂN (CHÂU THÀNH, TRÀ CÚ, KHU KINH TẾ ĐỊNH AN) | C6: =+SUM(C7:C11) -> 1060382583
A7: 1 | B7: Doanh thu đỗ cống | C7: 843753492
A8: 2 | B8: KS, lập BC: Di dời đường dây điện TT văn hoá - thông tin H. Cầu Kè | C8: 5720000
A9: 3 | B9: DT GT01 TV KS, Lập BC KTKT: XD Hệ thống chiếu sáng tỉnh 914 | C9: 163636364
A10: 4 | B10: KS, lập BC KTKT: Đường dây 22Kv và TBA 3x25KvA Trung tâm hành chính xã Long Toàn | C10: 28181818
A11: 5 | B11: GT01 TV KS, Lập BC KTKT: lắp đặt HTCS QL53 đến trung tâm hành chính xã Long Toàn | C11: 19090909
B12: CÔNG TRÌNH THUỘC ĐỊA BÀN KHÓ KHĂN (TP. TRÀ VINH, TIỂU CẦN, CẦU KÈ, CẦU NGANG) | C12: =+SUM(C13:C20) -> 208218182
A13: 6 | B13: Di dời trụ BTLT 8,5m _ Cty TV Pharm | C13: 7260000
A14: 7 | B14: CT tuyến đường N6 Tp. Trà Vinh. HM: di dời hệ thống điện hạ thế Phường 5, Tp. TV | C14: 85454545
A15: 8 | B15: Di dời trụ và sang dây _ Cty Cấp Thoát Nước TV | C15: 3181818
A16: 9 | B16: Khoan giếng phi 60 _ Cty CT Đô Thị Trà Vinh | C16: 25500000
A17: 10 | B17: GS Thi công lắp đặt thiết bị CT Hạ Tầng phục vụ nuôi trồng thuỷ sản xã Kim Hòa - Vnih Kim, H. Cầu Ngang | C17: 7479091
A18: 11 | B18: GS Thi công điện CT: Hạ tầng phục vụ NTTS xã Kim Hòa - Vinh Kim, H. Cầu Ngang | C18: 31785455
A19: 12 | B19: GS Nâng cấp đường dây điện trung hạ thế Ấp Hòa Hưng, X. Mỹ Hòa, H. CN | C19: 23290909
A20: 13 | B20: GS Nâng cấp đường dây điện phục vụ sản xuất ấp Bến Kinh - Mỹ Thập, Xã Long Bắc, H. Cầu Ngang | C20: 24266364
B21: CÔNG TRÌNH ĐỊA BÀN KHÔNG ƯU ĐÃI | C21: =+SUM(C22:C25) -> 372527273
A22: 14 | B22: Điện chiếu sáng nội ô TT. Long Thành | C22: 283636364
A23: 15 | B23: Thi công di dời, công trình công viên văn hóa khóm 5, TT. long Thành | C23: 9090909
A24: 16 | B24: Sửa chữa HTSC từ khóm 3 đến khóm 5 TT. Long Thành | C24: 59800000
A25: 17 | B25: Thi công di dời, lắp dựng trụ chiếu sáng và trồng lại cây xanh HTTN cặp QL53 | C25: 20000000
C26: =+C21+C12+C6 -> 1641128038
B28: Châu Thành, ngày 31 tháng 12 năm 2020
B29: GIÁM ĐỐC
B36: Lâm Thị Nhi

Sheet TINH THUE TNDN
A1: CÔNG TY TNHH XD TM DV HOÀ LỢI
A2: MST: 2100610411
A4: BẢNG XÁC ĐỊNH THU NHẬP CHỊU THUẾ TNDN NĂM 2020
A6: Doanh thu | B6: Tỉ lệ / DT | C6: Doanh thu | D6: Lợi nhuận | E6: TS | F6: Thuế TNDN | G6: Miễn giảm | H6: Số thuế | I6: Giảm 30% | J6: Thuế TNDN phải nộp
A7: Địa bàn không ưu đãi | B7: =C7/C15 -> 0.22698966 | C7: =+C8 -> 372527273 | D7: =+B7*D15 -> 14522150 | E7: 0.2 | F7: =+E7*D7 -> 2904430.1 | G7: 0 | H7: =+F7-G7 -> 2904430.1 | I7: =+H7*0.3 -> 871329.03 | J7: =+H7-I7 -> 2033101.1
A8: 5112 | C8: =+'BANG KE DOANH THU CT 2019'!C21 -> 372527273 | I8: =+H8*0.3 -> 0 | J8: =+H8-I8 -> 0
A9: Địa bàn khó khăn | B9: =C9/C15 -> 0.12687225 | C9: =+C10 -> 208218182 | D9: =+B9*D15 -> 8116924.6 | E9: 0.17 | F9: =D9*E9 -> 1379877.2 | G9: =+F9/2 -> 689938.59 | H9: =+F9-G9 -> 689938.59 | I9: =+H9*0.3 -> 206981.58 | J9: =+H9-I9 -> 482957.01
A10: 5112 | C10: =+'BANG KE DOANH THU CT 2019'!C12 -> 208218182 | I10: =+H10*0.3 -> 0 | J10: =+H10-I10 -> 0
A11: Địa bàn đặc biệt khó khăn | B11: =C11/C15 -> 0.64613808 | C11: =+C12+C13+C14 -> 1060418599 | D11: =+B11*D15 -> 41338070 | E11: 0.1 | F11: =+E11*D11 -> 4133807 | G11: =+F11*0.5 -> 2066903.5 | H11: =+F11-G11 -> 2066903.5 | I11: =+H11*0.3 -> 620071.05 | J11: =+H11-I11 -> 1446832.4
A12: 5112 | C12: =+'BANG KE DOANH THU CT 2019'!C6 -> 1060382583 | I12: =+H12*0.3 -> 0 | J12: =+H12-I12 -> 0
A13: 5111 | I13: =+H13*0.3 -> 0 | J13: =+H13-I13 -> 0
A14: 5151 | C14: 36016 | I14: =+H14*0.3 -> 0 | J14: =+H14-I14 -> 0
A15: Tổng cộng | C15: =+C7+C9+C11 -> 1641164054 | D15: 63977145 | F15: =F11+F9+F7 -> 8418114.3 | G15: =G11+G9+G7 -> 2756842.1 | H15: =H11+H9+H7 -> 5661272.2 | I15: =I11+I9+I7 -> 1698381.7 | J15: =J11+J9+J7 -> 3962890.5
D16: =+C15-#REF!-#REF!-#REF! -> #REF!
C17: 10793007946 | D17: 720227155 | G17: 74441349
C18: 454939007 | D18: =D17-D15 -> 656250010 | G18: =+G17-H15 -> 68780077
C19: 781954 | F19: 54680132
C20: =+C19+C18+C17 -> 11248728907 | F20: =+F19-F7 -> 51775702
F21: Châu Thành, ngày 31 tháng 12 năm 2020
A22: LẬP BẢNG | C22: TS 20% | D22: =+D15*0.2 -> 12795429 | F22: GIÁM ĐỐC | J22: =+G15+I15 -> 4455223.7
C23: Chênh lệch | D23: =+D22-F15 -> 4377314.7
F29: Lâm Thị Nhi

Sheet Sheet1
A1: CÔNG TY TNHH XD TM DV HOÀ LỢI
A2: MST: 2100610411
A4: BẢNG XÁC ĐỊNH THU NHẬP CHỊU THUẾ TNDN NĂM 2018 | I4: =+D7-I5 -> -57371178
I5: =+I7/I6 -> 57371178
A6: Doanh thu | B6: Tỉ lệ / DT | C6: Doanh thu | D6: Lợi nhuận | E6: TS | F6: Thuế TNDN | G6: Miễn giảm | H6: Số thuế phải nộp | I6: 0.225
A7: Địa bàn không ưu đãi | B7: =C7/C15 -> 0 | C7: =+C8 -> 0 | D7: =+B7*D15 -> 0 | E7: 0.2 | F7: =+E7*D7 -> 0 | G7: 0 | H7: =+F7-G7 -> 0 | I7: 12908515
A8: 5112 | C8: 0
A9: Địa bàn khó khăn | B9: =C9/C15 -> 0.10314797 | C9: =+C10 -> 208218182 | D9: =+B9*D15 -> 5205852.7 | E9: 0.17 | F9: =D9*E9 -> 884994.96 | G9: =+F9/2 -> 442497.48 | H9: =+F9-G9 -> 442497.48
A10: 5112 | C10: =+'BANG KE DOANH THU CT 2019'!C12 -> 208218182
A11: Địa bàn đặc biệt khó khăn | B11: =C11/C15 -> 0.89685203 | C11: =+C12+C13+C14 -> 1810417650 | D11: =+B11*D15 -> 45263903 | E11: 0.1 | F11: =+E11*D11 -> 4526390.3 | G11: =+F11 -> 4526390.3 | H11: =+F11-G11 -> 0
A12: 5112 | C12: =+'BANG KE DOANH THU CT 2019'!C6 -> 1060382583
A13: 5111 | C13: =5693978841-C19 -> 749992091
A14: 5151 | C14: 42976
A15: Tổng cộng | C15: =+C7+C9+C11 -> 2018635832 | D15: 50469756 | F15: =F11+F9+F7 -> 5411385.3 | G15: =G11+G9+G7 -> 4968887.8 | H15: =H11+H9+H7 -> 442497.48
H16: =+H15-'TINH THUE TNDN'!H15 -> -5218774.7
C17: 5438385425
C18: =+C17/1.1 -> 4943986750
B19: DT HL | C19: 4943986750
F21: Châu Thành, ngày 31 tháng 12 năm 2018
A22: LẬP BẢNG | C22: TS 20% | D22: =+D15*0.2 -> 10093951 | F22: GIÁM ĐỐC
C23: Chênh lệch | D23: =+D22-F15 -> 4682565.9
D25: =+D22-F11-F9 -> 4682565.9
F29: Lâm Thị Nhi

Sheet Sheet2
A1: CÔNG TY TNHH XD TM DV HOÀ LỢI
A2: MST: 2100610411
A4: BẢNG XÁC ĐỊNH THU NHẬP CHỊU THUẾ TNDN NĂM 2018 | I4: =+D7-I5 -> -57371178
I5: =+I7/I6 -> 57371178
A6: Doanh thu | B6: Tỉ lệ / DT | C6: Doanh thu | D6: Lợi nhuận | E6: TS | F6: Thuế TNDN | G6: Miễn giảm | H6: Số thuế phải nộp | I6: 0.225
A7: Địa bàn không ưu đãi | B7: =C7/C15 -> 0 | C7: =+C8 -> 0 | D7: =+B7*D15 -> 0 | E7: 0.2 | F7: =+E7*D7 -> 0 | G7: 0 | H7: =+F7-G7 -> 0 | I7: 12908515
A8: 5112 | C8: 0
A9: Địa bàn khó khăn | B9: =C9/C15 -> 0.029905137 | C9: =+C10 -> 208218182 | D9: =+B9*D15 -> 1509305 | E9: 0.17 | F9: =D9*E9 -> 256581.84 | G9: =+F9/2 -> 128290.92 | H9: =+F9-G9 -> 128290.92
A10: 5112 | C10: =+'BANG KE DOANH THU CT 2019'!C12 -> 208218182
A11: Địa bàn đặc biệt khó khăn | B11: =C11/C15 -> 0.97009486 | C11: =+C12+C13+C14 -> 6754404400 | D11: =+B11*D15 -> 48960451 | E11: 0.1 | F11: =+E11*D11 -> 4896045.1 | G11: =+F11 -> 4896045.1 | H11: =+F11-G11 -> 0
A12: 5112 | C12: =+'BANG KE DOANH THU CT 2019'!C6 -> 1060382583
A13: 5111 | C13: 5693978841
A14: 5151 | C14: 42976
A15: Tổng cộng | C15: =+C7+C9+C11 -> 6962622582 | D15: 50469756 | F15: =F11+F9+F7 -> 5152626.9 | G15: =G11+G9+G7 -> 5024336 | H15: =H11+H9+H7 -> 128290.92
F17: Châu Thành, ngày 31 tháng 12 năm 2018
A18: LẬP BẢNG | F18: GIÁM ĐỐC
F25: Lâm Thị Nhi
