Workbook

Sheet THONG TIN
B1: THÔNG TIN DOANH NGHIỆP
B3: Tên doanh nghiệp: | C3: Công ty TNHH thương mại dịch vụ vận tải xây dựng Phúc Minh
B4: Trụ sở chính: | C4: Số 339, đường Nguyễn Đáng, Khóm 10 , phường Nguyệt Hoá, tỉnh Vĩnh Long
B5: Mã số thuế : | C5: 2100327612
B6: Ngày thành lập :

Sheet 84C-03313
B1: ='THONG TIN'!C3 -> Công ty TNHH thương mại dịch vụ vận tải xây dựng Phúc Minh
B2: Mã số thuế: | C2: ='THONG TIN'!C5 -> 2100327612
B4: BẢNG KÊ CHÊNH LỆCH CHI PHÍ KẾ TOÁN VÀ CHI PHÍ TÍNH THUẾ THU NHẬP DOANH NGHIỆP
B6: Tên tài sản | C6: Xe tải ISUZU 84C- 03313
B7: Nguyên giá | C7: 1490964637
B8: Ngày sử dụng | C8: 42248
B9: Giá trị còn lại cuối năm 2024 | C9: 1.8637061e+08
B10: Thời gian khấu hao thuế | C10: 10 | E10: năm
B11: Thời gian khấu hao kế toán | C11: 15 | E11: năm
A13: TT | B13: Năm | C13: Chi phí khấu hao | E13: Giá trị còn lại | G13: Ghi chỉ tiêu [B12] | H13: Ghi chỉ tiêu [B7]
C14: Thuế | D14: Kế toán | E14: Thuế | F14: Kế toán
A15: 1 | B15: Năm 2024 | C15: =ROUND($C$7/$C$10,0) -> 149096464 | D15: =ROUND($C$7/$C$11,0) -> 99397642 | G15: =C15-D15 -> 49698822 | I15: tổng 3 xe ĐIỀU CHỈNH B12 | J15: ĐIỀU CHỈNH B7
A16: 2 | B16: Năm 2025 | C16: =ROUND($C$7/$C$10,0) -> 149096464 | D16: =ROUND($C$7/$C$11,0) -> 99397642 | E16: =$C$9-C16 -> 37274142 | F16: =$C$9-D16 -> 86972964 | G16: =C16-D16 -> 49698822 | I16: =G16+'84C-06125'!G16+'84C-00508'!G16 -> 159240277 | J16: =(G16/12)*4 -> 16566274
A17: 3 | B17: Năm 2026 | D17: =ROUND($C$7/$C$11,0) -> 99397642 | F17: =$C$9-D17 -> 86972964 | H17: =D17 -> 99397642
A18: 4 | B18: Năm 2027 | D18: =ROUND($C$7/$C$11,0) -> 99397642 | F18: =$C$9-D18 -> 86972964 | H18: =D18 -> 99397642
B19: Năm 2028 | D19: =ROUND($C$7/$C$11,0) -> 99397642 | F19: =$C$9-D19 -> 86972964 | H19: =D19 -> 99397642
B20: Năm 2029 | D20: =ROUND($C$7/$C$11,0) -> 99397642 | F20: =$C$9-D20 -> 86972964 | H20: =D20 -> 99397642
B21: Năm 2030 | D21: =ROUND($C$7/$C$11,0)-25 -> 99397617 | F21: =$C$9-D21 -> 86972989 | H21: =D21 -> 99397617
A23: TỔNG CỘNG | C23: =SUM(C16:C22) -> 149096464 | D23: =SUM(D16:D22) -> 596385827 | G23: =SUM(G15:G22) -> 99397644 | H23: =SUM(H15:H22) -> 496988185
H24: =G23-H23 -> -397590541
F28: Trà Vinh, Ngày 31 tháng 12 năm 2024
F29: Giám đốc

Sheet 84C-06125
B1: ='THONG TIN'!C3 -> Công ty TNHH thương mại dịch vụ vận tải xây dựng Phúc Minh
B2: Mã số thuế: | C2: ='THONG TIN'!C5 -> 2100327612
B4: BẢNG KÊ CHÊNH LỆCH CHI PHÍ KẾ TOÁN VÀ CHI PHÍ TÍNH THUẾ THU NHẬP DOANH NGHIỆP
B6: Tên tài sản | C6: Xe tải ISUZU 84C- 06125
B7: Nguyên giá | C7: 1523709091
B8: Ngày sử dụng | C8: 43252
B9: Giá trị còn lại cuối năm 2024 | C9: 6.0948362e+08
B10: Thời gian khấu hao thuế | C10: 10 | E10: năm
B11: Thời gian khấu hao kế toán | C11: 15 | E11: năm
A13: TT | B13: Năm | C13: Chi phí khấu hao | E13: Giá trị còn lại | G13: Ghi chỉ tiêu [B12] | H13: Ghi chỉ tiêu [B7]
C14: Thuế | D14: Kế toán | E14: Thuế | F14: Kế toán
A15: 1 | B15: Năm 2024 | C15: =ROUND($C$7/$C$10,0) -> 152370909 | D15: =ROUND($C$7/$C$11,0) -> 101580606 | G15: =C15-D15 -> 50790303
A16: 2 | B16: Năm 2025 | C16: =ROUND($C$7/$C$10,0) -> 152370909 | D16: =ROUND($C$7/$C$11,0) -> 101580606 | E16: =$C$9-C16 -> 4.5711271e+08 | F16: =$C$9-D16 -> 5.0790301e+08 | G16: =C16-D16 -> 50790303
A17: 3 | B17: Năm 2026 | C17: =ROUND($C$7/$C$10,0) -> 152370909 | D17: =ROUND($C$7/$C$11,0) -> 101580606 | E17: =$C$9-C17 -> 4.5711271e+08 | F17: =$C$9-D17 -> 5.0790301e+08 | G17: =C17-D17 -> 50790303
A18: 4 | B18: Năm 2027 | C18: =ROUND($C$7/$C$10,0) -> 152370909 | D18: =ROUND($C$7/$C$11,0) -> 101580606 | E18: =$C$9-C18 -> 4.5711271e+08 | F18: =$C$9-D18 -> 5.0790301e+08 | G18: =C18-D18 -> 50790303
B19: Năm 2028 | C19: =ROUND($C$7/$C$10,0)-25 -> 152370884 | D19: =ROUND($C$7/$C$11,0) -> 101580606 | E19: =$C$9-C19 -> 4.5711273e+08 | F19: =$C$9-D19 -> 5.0790301e+08 | G19: =C19-D19 -> 50790278
B20: Năm 2029 | D20: =ROUND($C$7/$C$11,0) -> 101580606 | F20: =$C$9-D20 -> 5.0790301e+08 | H20: =D20 -> 101580606
B21: Năm 2030 | D21: =ROUND($C$7/$C$11,0) -> 101580606 | F21: =$C$9-D21 -> 5.0790301e+08 | H21: =D21 -> 101580606
B22: Năm 2031 | D22: =ROUND($C$7/$C$11,0) -> 101580606 | F22: =$C$9-D22 -> 5.0790301e+08 | H22: =D22 -> 101580606
B23: Năm 2032 | D23: =ROUND($C$7/$C$11,0) -> 101580606 | F23: =$C$9-D23 -> 5.0790301e+08 | H23: =D23 -> 101580606
B24: Năm 2033 | D24: =ROUND($C$7/$C$11,0) -> 101580606 | F24: =$C$9-D24 -> 5.0790301e+08 | H24: =D24 -> 101580606
A25: TỔNG CỘNG | C25: =SUM(C16:C24) -> 609483611 | D25: =SUM(D16:D24) -> 914225454 | G25: =SUM(G15:G24) -> 253951490 | H25: =SUM(H15:H24) -> 507903030
H26: =G25-H25 -> -253951540
F30: Trà Vinh, Ngày 31 tháng 12 năm 2024
F31: Giám đốc

Sheet 84C-00508
B1: ='THONG TIN'!C3 -> Công ty TNHH thương mại dịch vụ vận tải xây dựng Phúc Minh
B2: Mã số thuế: | C2: ='THONG TIN'!C5 -> 2100327612
B4: BẢNG KÊ CHÊNH LỆCH CHI PHÍ KẾ TOÁN VÀ CHI PHÍ TÍNH THUẾ THU NHẬP DOANH NGHIỆP
B6: Tên tài sản | C6: Xe tải ISUZU 84C- 06125
B7: Nguyên giá | C7: 1762534546
B8: Ngày sử dụng | C8: 44531
B9: Giá trị còn lại cuối năm 2024 | C9: 1.2092945e+09
B10: Thời gian khấu hao thuế | C10: 10 | E10: năm
B11: Thời gian khấu hao kế toán | C11: 15 | E11: năm
A13: TT | B13: Năm | C13: Chi phí khấu hao | E13: Giá trị còn lại | G13: Ghi chỉ tiêu [B12] | H13: Ghi chỉ tiêu [B7]
C14: Thuế | D14: Kế toán | E14: Thuế | F14: Kế toán
A15: 1 | B15: Năm 2024 | C15: =ROUND($C$7/$C$10,0) -> 176253455 | D15: =ROUND($C$7/$C$11,0) -> 117502303 | G15: =C15-D15 -> 58751152
A16: 2 | B16: Năm 2025 | C16: =ROUND($C$7/$C$10,0) -> 176253455 | D16: =ROUND($C$7/$C$11,0) -> 117502303 | E16: =$C$9-C16 -> 1.0330411e+09 | F16: =$C$9-D16 -> 1.0917922e+09 | G16: =C16-D16 -> 58751152
A17: 3 | B17: Năm 2026 | C17: =ROUND($C$7/$C$10,0) -> 176253455 | D17: =ROUND($C$7/$C$11,0) -> 117502303 | E17: =E16-C17 -> 8.5678763e+08 | F17: =F16-D17 -> 9.7428993e+08 | G17: =C17-D17 -> 58751152
A18: 4 | B18: Năm 2027 | C18: =ROUND($C$7/$C$10,0) -> 176253455 | D18: =ROUND($C$7/$C$11,0) -> 117502303 | E18: =E17-C18 -> 6.8053417e+08 | F18: =F17-D18 -> 8.5678763e+08 | G18: =C18-D18 -> 58751152
B19: Năm 2028 | C19: =ROUND($C$7/$C$10,0) -> 176253455 | D19: =ROUND($C$7/$C$11,0) -> 117502303 | E19: =E18-C19 -> 5.0428072e+08 | F19: =F18-D19 -> 7.3928532e+08 | G19: =C19-D19 -> 58751152
B20: Năm 2029 | C20: =ROUND($C$7/$C$10,0) -> 176253455 | D20: =ROUND($C$7/$C$11,0) -> 117502303 | E20: =E19-C20 -> 3.2802726e+08 | F20: =F19-D20 -> 6.2178302e+08 | G20: =C20-D20 -> 58751152
B21: Năm 2030 | C21: =ROUND($C$7/$C$10,0) -> 176253455 | D21: =ROUND($C$7/$C$11,0) -> 117502303 | E21: =E20-C21 -> 1.5177381e+08 | F21: =F20-D21 -> 5.0428072e+08 | G21: =C21-D21 -> 58751152
B22: Năm 2031 | C22: =ROUND($C$7/$C$10,0) -> 176253455 | D22: =ROUND($C$7/$C$11,0) -> 117502303 | E22: =E21-C22 -> -24479648 | F22: =F21-D22 -> 3.8677842e+08 | G22: =C22-D22 -> 58751152
B23: Năm 2032 | D23: =ROUND($C$7/$C$11,0) -> 117502303 | F23: =F22-D23 -> 2.6927611e+08 | G23: =C23-D23 -> -117502303 | H23: =D23 -> 117502303
B24: Năm 2033 | D24: =ROUND($C$7/$C$11,0) -> 117502303 | F24: =F23-D24 -> 1.5177381e+08 | G24: =C24-D24 -> -117502303 | H24: =D24 -> 117502303
B25: Năm 2034 | D25: =ROUND($C$7/$C$11,0) -> 117502303 | F25: =F24-D25 -> 34271507 | G25: =C25-D25 -> -117502303 | H25: =D25 -> 117502303
B26: Năm 2035 | D26: =ROUND($C$7/$C$11,0) -> 117502303 | F26: =F25-D26 -> -83230796 | G26: =C26-D26 -> -117502303 | H26: =D26 -> 117502303
B27: Năm 2036 | D27: =ROUND($C$7/$C$11,0) -> 117502303 | F27: =F26-D27 -> -2.007331e+08 | G27: =C27-D27 -> -117502303 | H27: =D27 -> 117502303
A28: TỔNG CỘNG | C28: =SUM(C16:C27) -> 1233774185 | D28: =SUM(D16:D27) -> 1410027636 | G28: =SUM(G15:G27) -> -117502299 | H28: =SUM(H15:H27) -> 587511515
H29: =G28-H28 -> -705013814
F33: Trà Vinh, Ngày 31 tháng 12 năm 2024
F34: Giám đốc

Sheet 2025
B3: BẢNG KÊ CHÊNH LỆCH CHI PHÍ KẾ TOÁN VÀ CHI PHÍ TÍNH THUẾ THU NHẬP DOANH NGHIỆP
A5: TT | B5: Chỉ tiêu | C5: Nguyên giá | D5: Ngày sử dụng | E5: Thời gian khấu hao | G5: Chi phí | I5: Chênh lệch tạm thời | J5: Ngày điều chỉnh tăng lợi nhuận
E6: Thuế | F6: Kế toán | G6: Thuế | H6: Kế toán
A7: 1 | B7: Xe tải Isuzu 84C-03313 | C7: 1490964637 | D7: 42248 | E7: 10 | F7: 15 | G7: =ROUND(C7/10,0) -> 149096464 | H7: =ROUND(C7/F7,0) -> 99397642 | I7: =G7-H7 -> 49698822 | J7: =D7+10*365 -> 45898 | K7: =I7/12 -> 4141568.5 | L7: =K7*4 -> 16566274
A8: 2 | B8: Xe tải Isuzu 84C-06125 | C8: 1523709091 | D8: 43252 | E8: 10 | F8: 15 | G8: =ROUND(C8/10,0) -> 152370909 | H8: =ROUND(C8/F8,0) -> 101580606 | I8: =G8-H8 -> 50790303 | J8: =D8+365*10 -> 46902
A9: 3 | B9: Xe tải HINO 84C-00508 | C9: 1762534546 | D9: 44531 | E9: 10 | F9: 15 | G9: =ROUND(C9/10,0) -> 176253455 | H9: =ROUND(C9/F9,0) -> 117502303 | I9: =G9-H9 -> 58751152 | J9: =D9+365*10 -> 48181
A13: TỔNG CỘNG | G13: =SUM(G7:G12) -> 477720828 | H13: =SUM(H7:H12) -> 318480551 | I13: =SUM(I7:I12) -> 159240277
B15: 1. Ghi nhận trên tờ khai mẫu 01/3A năm 2024 trên chỉ tiêu [B12]
B16: 2. Ghi nhận trên tờ khai mẫu 01/3A năm 2025 trên chỉ tiêu [B7]
H18: Trà Vinh, Ngày 31 tháng 12 năm 2025
C19: Lập bảng | H19: Giám đốc
