Workbook

Sheet bao cao 2025
A1: Tên doanh nghiệp: | C1: Cộng ty TNHH TM Sun Minh
A2: Trụ sở chính: | C2: Ấp An Trại, Xã An Phú Tâ, Huyện Cầu Kè, Tỉnh Trà Vinh
A3: BẢNG BÁO CÁO SẢN LƯỢNG SẢN XUẤT VÀ TIÊU THỤ ĐIỆN SOLAR
B5: Công suất dự án : | D5: 20 Kw | E5: Năm 2025
A7: Thời gian | C7: Sản lượng phát | D7: Sản lượng bán | E7: Sản lượng phát bỏ | F7: Sản lượng tiêu dùng | G7: Giá thành
A8: Tháng 1 | C8: =+D8+E8+F8 -> 74747 | D8: 73196 | E8: 1451 | F8: 100
A9: Tháng 2 | C9: =+D9+E9+F9 -> 85371 | D9: 83561 | E9: 1550 | F9: 260
A10: Tháng 3 | C10: =+D10+E10+F10 -> 101216 | D10: 99966 | E10: 1097 | F10: 153
A11: Quý I | C11: =SUM(C8:C10) -> 261334 | D11: =SUM(D8:D10) -> 256723 | E11: =SUM(E8:E10) -> 4098 | F11: =SUM(F8:F10) -> 513 | G11: =+'GT Q1'!F24 -> 751.78631
A12: Tháng 4 | C12: =+D12+E12+F12 -> 98517 | D12: 96279 | E12: 2129 | F12: 109
A13: Tháng 5 | C13: =+D13+E13+F13 -> 90671 | D13: 89112 | E13: 1442 | F13: 117
A14: Tháng 6 | C14: =+D14+E14+F14 -> 72190 | D14: 70906 | E14: 1182 | F14: 102
A15: Quý II | C15: =SUM(C12:C14) -> 261378 | D15: =SUM(D12:D14) -> 256297 | E15: =SUM(E12:E14) -> 4753 | F15: =SUM(F12:F14) -> 328 | G15: =+'GT Q2'!F24 -> 724.15595
A16: Tháng 7 | C16: =+D16+E16+F16 -> 86507 | D16: 85341 | E16: 1051 | F16: 115
A17: Tháng 8 | C17: =+D17+E17+F17 -> 87150 | D17: 85999 | E17: 1033 | F17: 118
A18: Tháng 9 | C18: =+D18+E18+F18 -> 79613 | D18: 78718 | E18: 758 | F18: 137
A19: Quý III | C19: =SUM(C16:C18) -> 253270 | D19: =SUM(D16:D18) -> 250058 | E19: =SUM(E16:E18) -> 2842 | F19: =SUM(F16:F18) -> 370 | G19: =+'GT Q3'!F24 -> 679.82167
A20: Tháng 10 | C20: =+D20+E20+F20 -> 77962 | D20: 76855 | E20: 985 | F20: 122
A21: Tháng 11 | C21: =+D21+E21+F21 -> 70025 | D21: 68811 | E21: 1099 | F21: 115
A22: Tháng 12 | C22: =+D22+E22+F22 -> 76898 | D22: 75408 | E22: 1372 | F22: 118
A23: Quý IV | C23: =SUM(C20:C22) -> 224885 | D23: =SUM(D20:D22) -> 221074 | E23: =SUM(E20:E22) -> 3456 | F23: =SUM(F20:F22) -> 355 | G23: =+'GT Q4'!F24 -> 781.91876
A24: TỔNG | C24: =+C11+C15+C19+C23 -> 1000867 | D24: =+D11+D15+D19+D23 -> 984152 | E24: =+E11+E15+E19+E23 -> 15149 | F24: =+F11+F15+F19+F23 -> 1566
A25: Hướng dẫn | C25: Sản lượng phát ghi số liệu từ phần mềm quản lý Solar
C26: Sản lượng bán ghi số liệu từ cơ quan điện lực chốt sổ + SL nội suy đến cuối cuối tháng
C27: Sản lượng phát bỏ ghi nhận điện lực không mua và những ngày cúp điện
C28: Sản lượng tiêu dùng là chênh lệch còn lại

Sheet GT Q1
A1: Tên DN: | B1: Công ty TNHH TM Sun Minh | E1: Mẫu số : S 25 - SKT/DNN
A2: Trụ sở chính: | B2: Ấp An Trại, Xã An Phú Tâ, Huyện Cầu Kè, Trà Vinh | E2: Ban hành theo quyết định số
E3: 133/2016/TT-BTC ngày 14/06/2016
E4: của bộ tài chính
A6: THẺ TÍNH GIÁ THÀNH SẢN PHẨM
A7: Tháng 12/2015
B9: Tên sản phẩm , dịch vụ : Điện năng lượng mặt trời
B10: Số lượng sản phẩm , dịch vụ hoàn thành trong kỳ : | E10: ='bao cao 2025'!C11 -> 261334
B11: Phương pháp tính giá thành : Giá thành thực tế
A13: Khoản mục chi phí sản xuất kinh doanh | B13: Chi phí SXKD dở dang đầu kỳ | C13: Chi phí SXKD phát sinh trong kỳ | D13: Chi phí SXKD dở dang cuối kỳ | E13: Giá thành sản phẩm dịch vụ trong kỳ
E14: Giá thành | F14: Giá thành đơn vị
A15: 1. Vật liệu
A18: 2. Nhân công
A21: 3. Máy
A24: 4. Chi phí chung | C24: =147478434+48988889 -> 196467323 | E24: =+B24+C24-D24 -> 196467323 | F24: =+E24/E10 -> 751.78631
A27: Cộng
A30: Người ghi sổ | C30: Kế toán trưởng | E30: Giám đốc
A31: (Ký , họ tên) | C31: (Ký , họ tên) | E31: (Ký , họ tên,đóng dấu)

Sheet GT Q2
A1: Tên DN: | B1: Công ty TNHH TM Sun Minh | E1: Mẫu số : S 25 - SKT/DNN
A2: Trụ sở chính: | B2: Ấp An Trại, Xã An Phú Tâ, Huyện Cầu Kè, Trà Vinh | E2: Ban hành theo quyết định số
E3: 133/2016/TT-BTC ngày 14/06/2016
E4: của bộ tài chính
A6: THẺ TÍNH GIÁ THÀNH SẢN PHẨM
A7: Tháng 12/2015
B9: Tên sản phẩm , dịch vụ : Điện năng lượng mặt trời
B10: Số lượng sản phẩm , dịch vụ hoàn thành trong kỳ : | E10: ='bao cao 2025'!C15 -> 261378
B11: Phương pháp tính giá thành : Giá thành thực tế
A13: Khoản mục chi phí sản xuất kinh doanh | B13: Chi phí SXKD dở dang đầu kỳ | C13: Chi phí SXKD phát sinh trong kỳ | D13: Chi phí SXKD dở dang cuối kỳ | E13: Giá thành sản phẩm dịch vụ trong kỳ
E14: Giá thành | F14: Giá thành đơn vị
A15: 1. Vật liệu
A18: 2. Nhân công
A21: 3. Máy
A24: 4. Chi phí chung | C24: =147478434+41800000 -> 189278434 | E24: =+B24+C24-D24 -> 189278434 | F24: =+E24/E10 -> 724.15595
A27: Cộng
A30: Người ghi sổ | C30: Kế toán trưởng | E30: Giám đốc
A31: (Ký , họ tên) | C31: (Ký , họ tên) | E31: (Ký , họ tên,đóng dấu)

Sheet GT Q3
A1: Tên DN: | B1: Công ty TNHH TM Sun Minh | E1: Mẫu số : S 25 - SKT/DNN
A2: Trụ sở chính: | B2: Ấp An Trại, Xã An Phú Tâ, Huyện Cầu Kè, Trà Vinh | E2: Ban hành theo quyết định số
E3: 133/2016/TT-BTC ngày 14/06/2016
E4: của bộ tài chính
A6: THẺ TÍNH GIÁ THÀNH SẢN PHẨM
A7: Tháng 12/2015
B9: Tên sản phẩm , dịch vụ : Điện năng lượng mặt trời
B10: Số lượng sản phẩm , dịch vụ hoàn thành trong kỳ : | E10: ='bao cao 2025'!C19 -> 253270
B11: Phương pháp tính giá thành : Giá thành thực tế
A13: Khoản mục chi phí sản xuất kinh doanh | B13: Chi phí SXKD dở dang đầu kỳ | C13: Chi phí SXKD phát sinh trong kỳ | D13: Chi phí SXKD dở dang cuối kỳ | E13: Giá thành sản phẩm dịch vụ trong kỳ
E14: Giá thành | F14: Giá thành đơn vị
A15: 1. Vật liệu
A18: 2. Nhân công
A21: 3. Máy
A24: 4. Chi phí chung | C24: =147478434+24700000 -> 172178434 | E24: =+B24+C24-D24 -> 172178434 | F24: =+E24/E10 -> 679.82167
A27: Cộng
A30: Người ghi sổ | C30: Kế toán trưởng | E30: Giám đốc
A31: (Ký , họ tên) | C31: (Ký , họ tên) | E31: (Ký , họ tên,đóng dấu)

Sheet GT Q4
A1: Tên DN: | B1: Công ty TNHH TM Sun Minh | E1: Mẫu số : S 25 - SKT/DNN
A2: Trụ sở chính: | B2: Ấp An Trại, Xã An Phú Tâ, Huyện Cầu Kè, Trà Vinh | E2: Ban hành theo quyết định số
E3: 133/2016/TT-BTC ngày 14/06/2016
E4: của bộ tài chính
A6: THẺ TÍNH GIÁ THÀNH SẢN PHẨM
A7: Tháng 12/2015
B9: Tên sản phẩm , dịch vụ : Điện năng lượng mặt trời
B10: Số lượng sản phẩm , dịch vụ hoàn thành trong kỳ : | E10: ='bao cao 2025'!C23 -> 224885
B11: Phương pháp tính giá thành : Giá thành thực tế
A13: Khoản mục chi phí sản xuất kinh doanh | B13: Chi phí SXKD dở dang đầu kỳ | C13: Chi phí SXKD phát sinh trong kỳ | D13: Chi phí SXKD dở dang cuối kỳ | E13: Giá thành sản phẩm dịch vụ trong kỳ
E14: Giá thành | F14: Giá thành đơn vị
A15: 1. Vật liệu
G17: 589913736 | H17: 6274
A18: 2. Nhân công | G18: 143852255 | H18: 6277
G19: =+G17+G18 -> 733765991
H20: 6278 | I20: chi phí KH trại gà
A21: 3. Máy
A24: 4. Chi phí chung | C24: =147478434+28363366 -> 175841800 | E24: =+B24+C24-D24 -> 175841800 | F24: =+E24/E10 -> 781.91876 | G24: =+'GT Q1'!C24+'GT Q2'!C24+'GT Q3'!C24+'GT Q4'!C24 -> 733765991
A27: Cộng
A30: Người ghi sổ | C30: Kế toán trưởng | E30: Giám đốc
A31: (Ký , họ tên) | C31: (Ký , họ tên) | E31: (Ký , họ tên,đóng dấu)
