Workbook

Sheet THONG TIN
A3: Tên doanh nghiệp: | C3: Công ty TNHH kế toán và tư vấn thuế Chiến Thuật
A4: Trụ sở chính : | C4: 57A, Bạch Đằng, phường 4, TP Trà Vinh, tỉnh Trà Vinh
A5: Mã số thuế : | C5: 2 1 0 0 4 6 2 7 7 0

Sheet BÁO CÁO
A1: Tên doanh nghiệp: | C1: CÔNG TY TNHH TM SUN MINH
A2: Trụ sở chính: | C2: Ấp An Trại, xã An Phú Tân, Cầu Kè, TV
A3: BẢNG BÁO CÁO SẢN LƯỢNG SẢN XUẤT VÀ TIÊU THỤ ĐIỆN SOLAR 2021
B5: Công suất dự án : | D5: 800 Kwh | E5: Năm | F5: 2021
A7: Thời gian | C7: Sản lượng phát | D7: Sản lượng bán | E7: Sản lượng phát bỏ | F7: Sản lượng tiêu dùng | G7: SL (KW)
A8: Tháng 12/2020 | C8: 72009 | D8: =22800+47797 -> 70597 | F8: =+C8-D8 -> 1412
A9: Tháng 1 | C9: 24479 | D9: =23999 -> 23999 | F9: =+C9-D9 -> 480
A10: Tháng 2 | C10: 85782 | D10: 84100 | F10: =+C10-D10 -> 1682
A11: Tháng 3 | C11: 84452 | D11: 82796 | F11: =+C11-D11 -> 1656
A12: Quý I | C12: =SUM(C9:C11) -> 194713 | D12: =SUM(D9:D11) -> 190895 | E12: =SUM(E9:E11) -> 0 | F12: =SUM(F9:F11) -> 3818
A13: Tháng 4 | C13: 113623 | D13: 111395 | F13: =+C13-D13 -> 2228
A14: Tháng 5 | C14: 99547 | D14: 97595 | F14: =+C14-D14 -> 1952
A15: Tháng 6 | C15: 94855 | D15: 92995 | F15: =+C15-D15 -> 1860
A16: Quý II | C16: =SUM(C13:C15) -> 308025 | D16: =SUM(D13:D15) -> 301985 | E16: =SUM(E13:E15) -> 0 | F16: =SUM(F13:F15) -> 6040
A17: Tháng 7 | C17: 99445 | D17: 97495 | F17: =+C17-D17 -> 1950
A18: Tháng 8 | C18: 166048 | D18: 162792 | F18: =+C18-D18 -> 3256
A19: Tháng 9 | C19: 78434 | D19: 76896 | F19: =+C19-D19 -> 1538
A20: Quý III | C20: =SUM(C17:C19) -> 343927 | D20: =SUM(D17:D19) -> 337183 | E20: =SUM(E17:E19) -> 0 | F20: =SUM(F17:F19) -> 6744
A21: Tháng 10 | C21: 71600 | D21: 70196 | F21: =+C21-D21 -> 1404
A22: Tháng 11 | C22: 71804 | D22: 70396 | F22: =+C22-D22 -> 1408
A23: Tháng 12 | C23: 75374 | D23: 73896 | F23: =+C23-D23 -> 1478
A24: Quý IV | C24: =SUM(C21:C23) -> 218778 | D24: =SUM(D21:D23) -> 214488 | E24: =SUM(E21:E23) -> 0 | F24: =SUM(F21:F23) -> 4290
A26: Hướng dẫn | C26: Sản lượng phát ghi số liệu từ phần mềm quản lý Solar
C27: Sản lượng bán ghi số liệu từ cơ quan điện lực chốt sổ + SL nội suy đến cuối cuối tháng
C28: Sản lượng phát bỏ ghi nhận điện lực không mua và những ngày cúp điện
C29: Sản lượng tiêu dùng là chênh lệch còn lại

Sheet GT THANG 12,2020
A1: CÔNG TY TNHH TM SUN MINH | E1: Mẫu số : S 25 - SKT/DNN
A2: Âpa An Trại, xã An Phú Tân, Cầu Kè, Trà Vinh | E2: Ban hành theo quyết định số
E3: 133/2016/TT-BTC ngày 14/06/2016
E4: của bộ tài chính
A6: THẺ TÍNH GIÁ THÀNH SẢN PHẨM
A7: Tháng 12/2020
B9: Tên sản phẩm , dịch vụ : Điện năng lượng mặt trời
B10: Số lượng sản phẩm , dịch vụ hoàn thành trong kỳ : | E10: =+'BÁO CÁO'!C8 -> 72009
B11: Phương pháp tính giá thành : Giá thành thực tế
A13: Khoản mục chi phí sản xuất kinh doanh | B13: Chi phí SXKD dở dang đầu kỳ | C13: Chi phí SXKD phát sinh trong kỳ | D13: Chi phí SXKD dở dang cuối kỳ | E13: Giá thành sản phẩm dịch vụ trong kỳ
E14: Giá thành | F14: Giá thành đơn vị
A15: 1. Vật liệu
A18: 2. Nhân công
A21: 3. Máy
A24: 4. Chi phí chung
A25: Chi phí khấu hao hệ thống pin năng lượng mặt trời | C25: =103270590+(B25/12) -> 103270590 | E25: =+B25+C25-D25 -> 103270590 | F25: =+E25/E10 -> 1434.1345
A27: Cộng
A30: Người ghi sổ | C30: Kế toán trưởng | E30: Giám đốc
A31: (Ký , họ tên) | C31: (Ký , họ tên) | E31: (Ký , họ tên,đóng dấu)

Sheet GT QUY 1
A1: CÔNG TY TNHH TM SUN MINH | E1: Mẫu số : S 25 - SKT/DNN
A2: Âpa An Trại, xã An Phú Tân, Cầu Kè, Trà Vinh | E2: Ban hành theo quyết định số
E3: 133/2016/TT-BTC ngày 14/06/2016
E4: của bộ tài chính
A6: THẺ TÍNH GIÁ THÀNH SẢN PHẨM
A7: Tháng 01/2021
B9: Tên sản phẩm , dịch vụ : Điện năng lượng mặt trời
B10: Số lượng sản phẩm , dịch vụ hoàn thành trong kỳ : | E10: ='BÁO CÁO'!C12 -> 194713
B11: Phương pháp tính giá thành : Giá thành thực tế
A13: Khoản mục chi phí sản xuất kinh doanh | B13: Chi phí SXKD dở dang đầu kỳ | C13: Chi phí SXKD phát sinh trong kỳ | D13: Chi phí SXKD dở dang cuối kỳ | E13: Giá thành sản phẩm dịch vụ trong kỳ
E14: Giá thành | F14: Giá thành đơn vị
A15: 1. Vật liệu
A18: 2. Nhân công
A21: 3. Máy
A24: 4. Chi phí chung
A25: Chi phí khấu hao hệ thống pin năng lượng mặt trời | C25: =(104866668+147478434)+(B25/12) -> 252345102 | E25: =+B25+C25-D25 -> 252345102 | F25: =+E25/E10 -> 1295.9849
A27: Cộng
A30: Người ghi sổ | C30: Kế toán trưởng | E30: Giám đốc
A31: (Ký , họ tên) | C31: (Ký , họ tên) | E31: (Ký , họ tên,đóng dấu)

Sheet GT QUY II
A1: CÔNG TY TNHH TM SUN MINH | E1: Mẫu số : S 25 - SKT/DNN
A2: Âpa An Trại, xã An Phú Tân, Cầu Kè, Trà Vinh | E2: Ban hành theo quyết định số
E3: 133/2016/TT-BTC ngày 14/06/2016
E4: của bộ tài chính
A6: THẺ TÍNH GIÁ THÀNH SẢN PHẨM
A7: Tháng 01/2021
B9: Tên sản phẩm , dịch vụ : Điện năng lượng mặt trời
B10: Số lượng sản phẩm , dịch vụ hoàn thành trong kỳ : | E10: =+'BÁO CÁO'!C16 -> 308025
B11: Phương pháp tính giá thành : Giá thành thực tế
A13: Khoản mục chi phí sản xuất kinh doanh | B13: Chi phí SXKD dở dang đầu kỳ | C13: Chi phí SXKD phát sinh trong kỳ | D13: Chi phí SXKD dở dang cuối kỳ | E13: Giá thành sản phẩm dịch vụ trong kỳ
E14: Giá thành | F14: Giá thành đơn vị
A15: 1. Vật liệu
A18: 2. Nhân công
A21: 3. Máy
A24: 4. Chi phí chung
A25: Chi phí khấu hao hệ thống pin năng lượng mặt trời | C25: =(147478434+104866668)+(B25/12) -> 252345102 | E25: =+B25+C25-D25 -> 252345102 | F25: =+E25/E10 -> 819.23578
A27: Cộng
A30: Người ghi sổ | C30: Kế toán trưởng | E30: Giám đốc
A31: (Ký , họ tên) | C31: (Ký , họ tên) | E31: (Ký , họ tên,đóng dấu)

Sheet GT QUY III
A1: CÔNG TY TNHH TM SUN MINH | E1: Mẫu số : S 25 - SKT/DNN
A2: Âpa An Trại, xã An Phú Tân, Cầu Kè, Trà Vinh | E2: Ban hành theo quyết định số
E3: 133/2016/TT-BTC ngày 14/06/2016
E4: của bộ tài chính
A6: THẺ TÍNH GIÁ THÀNH SẢN PHẨM
A7: Tháng 01/2021
B9: Tên sản phẩm , dịch vụ : Điện năng lượng mặt trời
B10: Số lượng sản phẩm , dịch vụ hoàn thành trong kỳ : | E10: =+'BÁO CÁO'!C20 -> 343927
B11: Phương pháp tính giá thành : Giá thành thực tế
A13: Khoản mục chi phí sản xuất kinh doanh | B13: Chi phí SXKD dở dang đầu kỳ | C13: Chi phí SXKD phát sinh trong kỳ | D13: Chi phí SXKD dở dang cuối kỳ | E13: Giá thành sản phẩm dịch vụ trong kỳ
E14: Giá thành | F14: Giá thành đơn vị
A15: 1. Vật liệu
A18: 2. Nhân công
A21: 3. Máy
A24: 4. Chi phí chung
A25: Chi phí khấu hao hệ thống pin năng lượng mặt trời | C25: =(147478434+63366668)+(B25/12) -> 210845102 | E25: =+B25+C25-D25 -> 210845102 | F25: =+E25/E10 -> 613.0519
A27: Cộng
A30: Người ghi sổ | C30: Kế toán trưởng | E30: Giám đốc
A31: (Ký , họ tên) | C31: (Ký , họ tên) | E31: (Ký , họ tên,đóng dấu)

Sheet GT QUY IV
A1: CÔNG TY TNHH TM SUN MINH | E1: Mẫu số : S 25 - SKT/DNN
A2: Âpa An Trại, xã An Phú Tân, Cầu Kè, Trà Vinh | E2: Ban hành theo quyết định số
E3: 133/2016/TT-BTC ngày 14/06/2016
E4: của bộ tài chính
A6: THẺ TÍNH GIÁ THÀNH SẢN PHẨM
A7: Tháng 01/2021
B9: Tên sản phẩm , dịch vụ : Điện năng lượng mặt trời
B10: Số lượng sản phẩm , dịch vụ hoàn thành trong kỳ : | E10: =+'BÁO CÁO'!C24 -> 218778
B11: Phương pháp tính giá thành : Giá thành thực tế
A13: Khoản mục chi phí sản xuất kinh doanh | B13: Chi phí SXKD dở dang đầu kỳ | C13: Chi phí SXKD phát sinh trong kỳ | D13: Chi phí SXKD dở dang cuối kỳ | E13: Giá thành sản phẩm dịch vụ trong kỳ
E14: Giá thành | F14: Giá thành đơn vị
A15: 1. Vật liệu
A18: 2. Nhân công
A21: 3. Máy
A24: 4. Chi phí chung
A25: Chi phí khấu hao hệ thống pin năng lượng mặt trời | C25: =(147478434+93366668)+(B25/12) -> 240845102 | E25: =+B25+C25-D25 -> 240845102 | F25: =+E25/E10 -> 1100.8653 | G25: =+'GT QUY 1'!C25+'GT QUY II'!C25+'GT QUY III'!C25+'GT QUY IV'!E25 -> 956380408
A27: Cộng
A30: Người ghi sổ | C30: Kế toán trưởng | E30: Giám đốc
A31: (Ký , họ tên) | C31: (Ký , họ tên) | E31: (Ký , họ tên,đóng dấu)
