Workbook

Sheet BANG KE DOANH THU CT 2022
A1: BẢNG KÊ DOANH THU CÁC CÔNG TRÌNH NĂM 2022
A3: STT | C3: TÊN CÔNG TRÌNH | D3: DT THUẦN | E3: GIÁ THÀNH | F3: LỢI NHUẬN TRƯỚC PHÂN BỔ CPQL
B4: CÔNG TRÌNH NẠO VÉT (5%) | D4: =SUM(D5:D8) -> 585822327 | E4: =SUM(E5:E8) -> 256928049 | F4: =SUM(F5:F8) -> 328894278
A5: 1 | C5: 2022_ Nạo vét 06 kênh thủy lợi nội đồng trên địa bàn các xã An Phú Tân, Hòa Tân, Ninh Thới, Thạnh Phú (Nạo vét kênh T3 Thạnh Phú) (HĐ số 02/2022/HĐ XD-TA ngày 21/01/2022) | D5: 160896803 | E5: 95391558 | F5: =D5-E5 -> 65505245
A6: 2 | C6: 2022_ Nạo vét 04 kênh thủy lợi nội đồng trên địa bàn các xã Thông Hòa, Hòa Ân gói thầu số 4: nạo vét kênh Nền Mộ 2, kênh Tư Ổi xã Thông Hòa (HĐ số 01/2022/HĐ XD-TA ngày 21/01/2022) | D6: 149857143 | E6: 55687068 | F6: =D6-E6 -> 94170075
C7: 2022_Đào mương thoát nước thải khu vực bãi rác huyện Cầu Kè . HĐ số 10/2022/HĐ XD-TA ngày 22/06/2022 | D7: 16973143 | E7: 7253770 | F7: =D7-E7 -> 9719373
C8: 2022_Nạo vét các kênh thủy lợi nội đồng bổ sung trên địa bàn xã Hòa Ân, Châu Điền. Gói thầu số 5: Thi công nạo vét Kênh Sương Kiên, Kênh Lan Chi, kênh Ô Râu, xã Hòa Tân (HĐ số 07/2022/HĐ XD-TA ngày 11/06/2022) | D8: 258095238 | E8: 98595653 | F8: =D8-E8 -> 159499585
C9: ĐIỆN MẶT TRỜI (10%) | D9: =D10+D11 -> 513334738 | E9: =E10+E11 -> 421716154 | F9: =F10+F11 -> 91618584
A10: 1 | C10: Điện năng lượng mặt trời trên mái nhà công suất 142,4 kWp tại ấp Giồng Lớn xã Hòa Ân | D10: 344932588 | E10: =246752835+19248597 -> 266001432 | F10: =D10-E10 -> 78931156 | G10: bao gồm cả chi phí phát bỏ
A11: 2 | C11: Điện năng lượng mặt trời trên mái nhà công suất 62,3 kWp tại ấp Chồng Nô 3 xã Hòa Tân | D11: 168402150 | E11: =154717412+997310 -> 155714722 | F11: =D11-E11 -> 12687428
B12: CÔNG TRÌNH (10%) | D12: =+SUM(D13:D23) -> 3467406146 | E12: =+SUM(E13:E23) -> 3199165150 | F12: =+SUM(F13:F23) -> 268240996
A13: 1 | B13: CTY CP Công Trình Đô Thị Trà Vinh | C13: 2022_Thi công tháo dở, di dời trụ điện xây dựng công trình đường nhựa liên xã Thông Hòa - Thạnh Phú (HĐ số 03/2022/HĐXD-TA ngày 08/03/2022) | D13: 279312925 | E13: 261867552 | F13: =D13-E13 -> 17445373
A14: 2 | C14: 2022_ Sửa chửa đường đal tổ 3, khóm 3, TT Cầu Kè (Song song đường Nguyễn Hòa Luông) HM: di dời điện (HĐ số 05/2022/HĐXD-TA ngày 03/03/2022) | D14: 26324025 | E14: 12192014 | F14: =D14-E14 -> 14132011
A15: 3 | C15: 2022_Sửa chửa đường đal tổ 2, khóm 3, TT Cầu Kè (Sau Nghĩa Trang) HM: di dời điện (HĐ số 04/2022/HĐXD-TA ngày 03/03/2022) | D15: 21693624 | E15: 5709222 | F15: =D15-E15 -> 15984402
A16: 4 | C16: 2022_Đường nhựa liên xã Phong Phú - Phong Thạnh (tuyến Thơm Rơm) hạng mục: di dời điện (HĐ số 06/2022/HĐXD-TA ngày 01/06/2022) | D16: 100150926 | E16: 93169910 | F16: =D16-E16 -> 6981016
A17: 5 | C17: 2022_Thi công xây dựng công trình sửa chữa đường đanl tổ 2, khóm 3, TT Cầu Kè (sau Nghĩa Trang). HĐ số 04/2022/HĐ XD -TA ngày 4/03/2022 | D17: 863150000 | E17: 840872822 | F17: =D17-E17 -> 22277178
A18: 6 | C18: 2022_Thi công xây dựng gói thầu số 21 thi công di dời điện thuộc dự án Đường ven sông Hậu, huyện Cầu Kè (HĐ số 09/2022/HĐXD-TA ngày 28/06/2022) | D18: 360185185 | E18: 296606718 | F18: =D18-E18 -> 63578467
A19: 7 | C19: 2022_Cấp điện nhà làm việc Huyện Ủy Huyện Cầu Kè. HĐ số 11/2022/HĐ XD-TA ngày 19/07/2022 | D19: 2957000 | E19: 192087 | F19: =D19-E19 -> 2764913
A20: 8 | C20: 2022_Sữa chữa đèn chiếu sáng công cộng trên địa bàn xã Ninh Thới năm 2022 (HĐ số 12/2022/HĐ XD-TA ngày 29/08/2022) | D20: 35988889 | E20: 13137845 | F20: =D20-E20 -> 22851044
A21: 9 | C21: 2022_Sửa chửa mái tol nhà bao che lò đốt rác tại bãi rác ấp Bà My, xã Hòa Ân. HĐ số 14/2022/HĐ XD-TA ngày 22/09/2022 | D21: 45812543 | E21: 19858225 | F21: =D21-E21 -> 25954318
A22: 10 | C22: 2022_Thi công xây dựng mới đường dây trug thế và trạm biến áp 1x630KVA. HĐ số 2309/2022/HĐ TC/TT-TA ngày 23/09/2022 | D22: 1696125473 | E22: 1642539315 | F22: =D22-E22 -> 53586158
A23: 11 | C23: 2022_Sữa chữa đèn chiếu sáng công cộng trên địa bàn xã Ninh Thới huyện Cầu Kè (HĐ số 30/2022/HĐ XD-TA ngày 23/12/2022) | D23: 35705556 | E23: 13019440 | F23: =D23-E23 -> 22686116
B24: TỔNG CỘNG | D24: =+D4+D9+D12 -> 4566563211 | E24: =E4+E9+E12 -> 3877809353 | F24: =F4+F9+F12 -> 688753858
C26: Trà Vinh, ngày 31 tháng 12 năm 2022
C27: GIÁM ĐỐC

Sheet TINH THUE TNDN
A1: CÔNG TY TNHH THUẬN AN
A2: MST: 2100406818
A3: BẢNG XÁC ĐỊNH THU NHẬP CHỊU THUẾ TNDN NĂM 2022 | K3: =+F6-K4 -> -57371178
K4: =+K6/K5 -> 57371178
A5: Doanh thu | B5: Tỉ lệ / DT | C5: Doanh thu | D5: Giá Vốn | E5: Chi Phí Quản Lý | F5: Lợi nhuận | G5: TS | H5: Thuế TNDN | I5: Miễn 100% | J5: Số thuế phải nộp | K5: 0.225
A6: Địa bàn không ưu đãi | B6: =C6/C15 -> 0 | C6: =+C7 -> 0 | F6: =+B6*F15 -> 0 | G6: 0.2 | H6: =+G6*F6 -> 0 | I6: 0 | J6: =+H6-I6 -> 0 | K6: 12908515
A8: THỦY LỢI NỘI ĐỒNG | B8: =C8/C15 -> 0.12828162 | C8: =+C9 -> 585822327 | D8: =D9 -> 256928049 | E8: =E15*B8 -> 31214222 | F8: =C8-D8-E8 -> 2.9768006e+08 | G8: 0 | H8: =F8*G8 -> 0 | I8: =+H8 -> 0 | J8: =+H8-I8 -> 0
A9: 5112 | C9: =+'BANG KE DOANH THU CT 2022'!D4 -> 585822327 | D9: ='BANG KE DOANH THU CT 2022'!E4 -> 256928049 | J9: =+H9-I9 -> 0
A10: DOANH THU ĐIỆN MẶT TRỜI | B10: =C10/C15 -> 0.11240851 | C10: =C11 -> 513334738 | D10: =D11 -> 421716154 | E10: =B10*E15 -> 27351884 | F10: =C10-D10-E10 -> 64266700 | G10: 0.1 | H10: =F10*G10 -> 6426670 | I10: =H10 -> 6426670 | J10: =H10-I10 -> 0
A11: 5112 | C11: ='BANG KE DOANH THU CT 2022'!D9 -> 513334738 | D11: ='BANG KE DOANH THU CT 2022'!E9 -> 421716154 | J11: =+H11-I11 -> 0
A12: DOANH THU CHỊU THUẾ | B12: =C12/C15 -> 0.75930987 | C12: =+C13+C14 -> 3467532332 | D12: =D13+D14 -> 3199165150 | E12: =E15*B12 -> 1.8475964e+08 | F12: =C12-D12-E12 -> 83607540 | G12: 0.2 | H12: =+G12*F12 -> 16721508 | J12: =+H12-I12 -> 16721508
A13: 5112 | C13: =+'BANG KE DOANH THU CT 2022'!D12 -> 3467406146 | D13: ='BANG KE DOANH THU CT 2022'!E12 -> 3199165150 | J13: =+H13-I13 -> 0
A14: 5151 | C14: 126186 | J14: =+H14-I14 -> 0
A15: Tổng cộng | B15: =B8+B10+B12 -> 1 | C15: =C8+C10+C12 -> 4566689397 | D15: =D8+D10+D12 -> 3877809353 | E15: 243325748 | F15: =F8+F10+F12 -> 445554296 | H15: =H8+H10+H12 -> 23148178 | I15: =I8+I10+I12 -> 6426670 | J15: =+H15-I15 -> 16721508
F16: =+C15-#REF!-#REF!-#REF! -> #REF!
C17: 10793007946 | F17: 720227155 | I17: 74441349
C18: 454939007 | F18: =F17-F15 -> 274672859 | I18: =+I17-J15 -> 57719841
C19: 781954 | H19: 54680132
C20: =+C19+C18+C17 -> 11248728907 | H20: =+H19-H6 -> 54680132
H21: Trà Vinh, ngày 31 tháng 12 năm 2022
A22: LẬP BẢNG | H22: GIÁM ĐỐC
I26: Bùi Hoàng Mai
