Workbook

Sheet BCQT
A1: Công Ty TNHH Tư Vấn Xây Dựng Gia Tiến
A2: Địa chỉ: Số 372, Hương lộ 13, ấp Hòa Lạc C, Xã Lương Hoà A, Huyện Châu Thành, Tỉnh Trà Vinh
A4: BÁO CÁO QUYẾT TOÁN NĂM 2023
A6: STT | B6: Tên công trình, dịch vụ | C6: DTT | D6: Giá vốn | E6: Lãi | G6: DT 5112 | H6: Gia Vốn 5112 | I6: DT 5113 | J6: Gia Vốn 5113
A7: I | B7: Địa bàn không ưu đãi
A9: II | B9: Địa bàn khó khăn | C9: =+SUM(C10:C12) -> 186646354 | D9: =+SUM(D10:D12) -> 47302217 | E9: =+SUM(E10:E12) -> 139344137 | G9: =+SUM(G10:G12) -> 0 | H9: =+SUM(H10:H12) -> 0 | I9: =+SUM(I10:I12) -> 186646354 | J9: =+SUM(J10:J12) -> 47302217
A10: 1 | B10: Thanh toán chi phí Tư vấn giám sát thi công xây dựng công trình: cải tạo, sữa chữa chợ Trà Vinh ( Giai đoạn 2) | C10: 49340900 | D10: 12674099 | E10: =+C10-D10 -> 36666801 | F10: 5113 | I10: =+IF(F10=5113,C10,0) -> 49340900 | J10: =+IF(F10=5113,D10,0) -> 12674099
A11: 2 | B11: Tư vấn giám sát thi công xây dựng công trình : Hệ thống thoát nước đường Nguyễn Tấn Liềng | C11: 102874545 | D11: 25944722 | E11: =+C11-D11 -> 76929823 | F11: 5113 | G11: =+IF(F11=5112,C11,0) -> 0 | H11: =+IF(F11=5112,D11,0) -> 0 | I11: =+IF(F11=5113,C11,0) -> 102874545 | J11: =+IF(F11=5113,D11,0) -> 25944722
A12: 3 | B12: Tư vấn giám sát thi công xây lắp công trình :Sửa chữa các tuyến đường giao thông trên địa bàn xã Phương Thạnh | C12: 34430909 | D12: 8683396 | E12: =+C12-D12 -> 25747513 | F12: 5113 | I12: =+IF(F12=5113,C12,0) -> 34430909 | J12: =+IF(F12=5113,D12,0) -> 8683396
A13: III | B13: Địa bàn đặc biệt khó khăn | C13: =+SUM(C14:C26) -> 1104267036 | D13: =+SUM(D14:D26) -> 279893873 | E13: =+SUM(E14:E26) -> 824373163 | G13: =+SUM(G14:G26) -> 0 | H13: =+SUM(H14:H26) -> 0 | I13: =+SUM(I14:I26) -> 1104267036 | J13: =+SUM(J14:J26) -> 279893873
A14: 1 | B14: Gói thầu số 05: Tư vấn Thẩm tra thiết kế bản vẽ thi công và dự toán công trình Sửa chữa cầu, đường giao thông khóm 8, thị trấn Càng Long | C14: 14433552 | D14: 3707518 | E14: =+C14-D14 -> 10726034 | F14: 5113 | I14: =+IF(F14=5113,C14,) -> 14433552 | J14: =+IF(F14=5113,D14,0) -> 3707518
A15: 2 | B15: Tư vấn lập hồ sơ Báo cáo kinh tế - kỹ thuật công trình : Sửa chữa, dậm vá mặt đường hư hỏng, sụp lún các tuyến đường nội ô thành phố năm 2023 | C15: 50831818 | D15: 13057068 | E15: =+C15-D15 -> 37774750 | F15: 5113 | I15: =+IF(F15=5113,C15,) -> 50831818 | J15: =+IF(F15=5113,D15,0) -> 13057068
A16: 3 | B16: chi phí Tư vấn khảo sát và lập Báo cáo kinh tế - kỹ thuật CT: Dặm vá, chống thấm các tuyến đường trên địa bàn thành phố Trà Vinh năm 2023 | C16: 234939815 | D16: 59251277 | E16: =+C16-D16 -> 175688538 | F16: 5113 | I16: =+IF(F16=5113,C16,) -> 234939815 | J16: =+IF(F16=5113,D16,0) -> 59251277
A17: 4 | B17: chi phí Tư vấn Khảo sát địa hình công trình : Xây dựng đường vào trụ sở UBND phường 8, thành phố Trà Vinh | C17: 7647273 | D17: 1964340 | E17: =+C17-D17 -> 5682933 | F17: 5113 | I17: =+IF(F17=5113,C17,) -> 7647273 | J17: =+IF(F17=5113,D17,0) -> 1964340
A18: 5 | B18: chi phí Tư vấn lập báo cáo kinh tế kỹ thuật công trình :Xây dựng đường vào trụ sở UBND phường 8, thành phố Trà Vinh | C18: 11281818 | D18: 2897938 | E18: =+C18-D18 -> 8383880 | F18: 5113 | I18: =+IF(F18=5113,C18,) -> 11281818 | J18: =+IF(F18=5113,D18,0) -> 2897938
A19: 6 | B19: Tư vấn lập hồ sơ Báo cáo kinh tế kỹ thuật công trình :Sửa chữa cống thoát nước, đường sụp lún các tuyến đường nội ô thành phố Trà Vinh năm 2023 | C19: 44790741 | D19: 11296121 | E19: =+C19-D19 -> 33494620 | F19: 5113 | I19: =+IF(F19=5113,C19,) -> 44790741 | J19: =+IF(F19=5113,D19,0) -> 11296121
A20: 7 | B20: Gói thầu số 02: Tư vấn khảo sát địa hình và Gói thầu số 03: Tư vấn lập Báo cáo kinh tế - kỹ thuật công trình Nâng cấp đường giao thông các ấp Sa Bình, Huệ Sanh, Vĩnh Hưng xã Long Đức | C20: 84649091 | D20: 21743644 | E20: =+C20-D20 -> 62905447 | F20: 5113 | I20: =+IF(F20=5113,C20,) -> 84649091 | J20: =+IF(F20=5113,D20,0) -> 21743644
B21: Tư vấn khảo sát bước lập báo cáo nghiên cứu khả thi Công trình: Nâng cấp, mở rộng đường Lê Hồng Phong, thành phố Trà Vinh | C21: 84590909 | D21: 21728699 | E21: =+C21-D21 -> 62862210 | F21: 5113 | I21: =+IF(F21=5113,C21,) -> 84590909 | J21: =+IF(F21=5113,D21,0) -> 21728699
B22: Tư vấn lập báo cáo nghiên cứu khả thi công trình :Nâng cấp, mở rộng đường Lê Hồng Phong, thành phố Trà Vinh | C22: 108096296 | D22: 27261636 | E22: =+C22-D22 -> 80834660 | F22: 5113 | I22: =+IF(F22=5113,C22,) -> 108096296 | J22: =+IF(F22=5113,D22,0) -> 27261636
B23: Tư vấn khảo sát thiết kế công trình:Nâng cấp, mở rộng đường Lê Hồng Phong, thành phố Trà Vinh | C23: 114412963 | D23: 28854684 | E23: =+C23-D23 -> 85558279 | F23: 5113 | I23: =+IF(F23=5113,C23,) -> 114412963 | J23: =+IF(F23=5113,D23,0) -> 28854684
B24: Tư vấn thiết kế bản vẽ thi công và lập dự toán dự án công trình : Nâng cấp, mở rộng đường Lê Hồng Phong, thành phố Trà Vinh | C24: 219868518 | D24: 55450331 | E24: =+C24-D24 -> 164418187 | F24: 5113 | I24: =+IF(F24=5113,C24,) -> 219868518 | J24: =+IF(F24=5113,D24,0) -> 55450331
A25: 8 | B25: tư vấn lập hồ sơ Báo cáo kinh tế - kỹ thuật xây dựng công trình: Bảo dưỡng bờ kè sông Long Bình và dãy phân cách các tuyến đường và hàng rào công viên thành phố Trà Vinh năm 2023 | C25: 46390909 | D25: 11916341 | E25: =+C25-D25 -> 34474568 | F25: 5113 | I25: =+IF(F25=5113,C25,) -> 46390909 | J25: =+IF(F25=5113,D25,0) -> 11916341
A26: 9 | B26: Tư vấn khảo sát, lập hồ sơ báo cáo kinh tế - kỹ thuật công trình :Sửa chữa chống sạt lở và nâng cấp đê bao chống triều cường dâng cao gây ngập cục bộ trên địa bàn xã Long Đức | C26: 82333333 | D26: 20764276 | E26: =+C26-D26 -> 61569057 | F26: 5113 | I26: =+IF(F26=5113,C26,) -> 82333333 | J26: =+IF(F26=5113,D26,0) -> 20764276
E27: =+C27-D27 -> 0
B28: TỔNG CỘNG | C28: =+C13+C9 -> 1290913390 | D28: =+D13+D9+D7 -> 327196090 | E28: =+E13+E9+E7 -> 963717300 | G28: =+G13+G9 -> 0 | H28: =+H13+H9 -> 0 | I28: =+I13+I9 -> 1290913390 | J28: =+J13+J9 -> 327196090

Sheet TTNDN
A1: Công Ty TNHH Tư Vấn Xây Dựng Gia Tiến
A2: MST: 2100632239
A4: BẢNG XÁC ĐỊNH THU NHẬP CHỊU THUẾ TNDN NĂM 2023
A6: Doanh thu | B6: Tỉ lệ/DT | C6: DTT | D6: Giá vốn | E6: CP quản lý | F6: CP ĐƯỢC TRỪ | G6: Lợi nhuận | H6: TS | I6: Thuế TNDN | J6: Miễn giảm | K6: Thuế Sau Miễn | L6: Số thuế phải nộp
A7: Địa bàn không ưu đãi | B7: 0 | C7: 0 | D7: 0 | E7: 0 | G7: 0 | H7: 0.2 | I7: 0 | J7: 0 | L7: 0
A8: 5112 | B8: 0 | C8: 0 | D8: 0 | E8: 0 | G8: 0 | I8: 0 | K8: 0
A9: 5113 | B9: 0 | E9: 0 | G9: 0 | I9: 0 | K9: 0
A10: Địa bàn khó khăn | B10: 0.69107227 | C10: =+SUM(C11:C12) -> 186646354 | D10: =+SUM(D11:D12) -> 47302217 | E10: =+SUM(E11:E12) -> 49845797 | F10: =+SUM(F11:F12) -> 0 | G10: =+SUM(G11:G12) -> 89498340 | H10: 0.17 | I10: =+I12 -> 15214718 | J10: =+SUM(J11:J12) -> 7607358.9 | K10: =+SUM(K11:K12) -> 7607358.9 | L10: =+SUM(L11:L12) -> 7607358.9
A11: 5112 | B11: =+C11/$C$18 -> 0 | C11: =+BCQT!G9 -> 0 | D11: =+BCQT!H9 -> 0 | E11: =+B11*$E$18 -> 0 | G11: =+C11-D11-E11 -> 0 | I11: =+G11*$H$10 -> 0 | L11: =+K11 -> 0
A12: 5113 | B12: =+C12/$C$18 -> 0.14457251 | C12: =+BCQT!I9 -> 186646354 | D12: =+BCQT!J9 -> 47302217 | E12: =+B12*$E$18 -> 49845797 | F12: =+B12*$F$18 -> 0 | G12: =+C12-D12-E12-F12 -> 89498340 | I12: =+G12*H10 -> 15214718 | J12: =+I12*50% -> 7607358.9 | K12: =+I12-J12 -> 7607358.9 | L12: =+K12 -> 7607358.9
A13: Địa bàn đặc biệt khó khăn | B13: 0.30892773 | C13: =+SUM(C14:C17) -> 1104376060 | D13: =+SUM(D14:D17) -> 279893873 | E13: =+SUM(E14:E17) -> 2.949348e+08 | F13: =+SUM(F14:F17) -> 0 | G13: =+SUM(G14:G17) -> 5.2954739e+08 | H13: 0.1 | I13: =+SUM(I14:I17) -> 52954739 | J13: =+SUM(J14:J17) -> 26477369 | K13: =+SUM(K14:K17) -> 26477369 | L13: =+SUM(L14:L17) -> 26477369
A14: 5112 | B14: 0
A15: 5113 | B15: =+C15/$C$18 -> 0.85534304 | C15: =+BCQT!I13 -> 1104267036 | D15: =+BCQT!J13 -> 279893873 | E15: =+B15*$E$18 -> 2.9490568e+08 | F15: =+B15*$F$18 -> 0 | G15: =C15-D15-E15-F15 -> 5.2946748e+08 | I15: =+G15*$H$13 -> 52946748 | J15: =+I15*50% -> 26473374 | K15: =+I15-J15 -> 26473374 | L15: =+K15 -> 26473374
A16: 5151 | B16: =+C16/$C$18 -> 8.4447798e-05 | C16: 109024 | E16: =+B16*$E$18 -> 29115.962 | F16: =+B16*$F$18 -> 0 | G16: =C16-D16-E16-F16 -> 79908.038 | I16: =+G16*$H$13 -> 7990.8038 | J16: =+I16*50% -> 3995.4019 | K16: =+I16-J16 -> 3995.4019 | L16: =+K16 -> 3995.4019
A17: 711 | B17: =+C17/$C$18 -> 0 | C17: 0 | E17: =+B17*$E$18 -> 0 | G17: =C17-D17-E17 -> 0 | I17: =+G17*$H$13 -> 0 | J17: =+I17*50% -> 0 | K17: =+I17-J17 -> 0 | L17: =+K17 -> 0
A18: Tổng cộng | C18: =+C7+C10+C13 -> 1291022414 | D18: =+D7+D10+D13 -> 327196090 | E18: 344780595 | G18: =+C18-D18-E18-F18 -> 619045729 | I18: =+I10+I13 -> 68169457 | J18: =+J10+J13 -> 34084728 | K18: =+K10+K13 -> 34084728 | L18: =+L10+L13 -> 34084728
K20: Châu Thành, ngày 31/03/2024
K21: Giám đốc
