Workbook

Sheet Thong tin
A3: Tên doanh nghiệp : | B3: CÔNG TY CP TƯ VẤN XÂY DỰNG TÂN TÂY NAM
A4: Địa chỉ : | B4: Số 9, Phú Hòa, Khóm 1, Phường 1, Tp. Trà Vinh
A5: Mã số thuế: | B5: 2100397070
A12: TÀI LIỆU LƯU HÀNH NỘI BỘ KHÔNG ĐƯỢC PHÉP PHỔ BIẾN RA BÊN NGOÀI
A14: Tạo ngày | B14: 44628

Sheet Số liệu mẫu
A1: =" Tên doanh nghiệp: "&'Thong tin'!B3 -> Tên doanh nghiệp: CÔNG TY CP TƯ VẤN XÂY DỰNG TÂN TÂY NAM
A2: ="Trụ sở chính: " & 'Thong tin'!B4 -> Trụ sở chính: Số 9, Phú Hòa, Khóm 1, Phường 1, Tp. Trà Vinh
A3: ="Mã số thuế : " & 'Thong tin'!B5 -> Mã số thuế : 2100397070
A4: BẢNG TÍNH CHI PHÍ LÃI VAY KHI PHÁT SINH GIAO DỊCH LIÊN KẾT
A5: (Theo hướng dẫn tại Nghị định 132/2020/NĐ-CP ngày 05/11/2020)
A7: Chỉ tiêu | B7: Năm 2020 | C7: Năm 2021 | D7: Năm 2022 | E7: Năm 2023 | F7: Năm 2024
A8: Chi phí lãi vay (1) | C8: 451540584 | D8: 582414094 | E8: 733364806
A9: Lãi tiền gửi, lãi cho vay (2) | C9: 216158 | D9: 194966 | E9: 181573
A10: Chi phí lãi vay trừ lãi tiền gửi, cho vay (3) =(1) - (2) | B10: =B8-B9 -> 0 | C10: =C8-C9 -> 451324426 | D10: =D8-D9 -> 582219128 | E10: =E8-E9 -> 733183233
A11: Chi phí khấu hao (4) | C11: 321885084 | D11: 319527251 | E11: 313836737
A12: Lợi nhuần thuần từ hoạt động sản xuất kinh doanh trong kỳ (5) | C12: 27224424 | D12: 0 | E12: 0
A13: EBITDA (6)= (3) + (4) + (5) | B13: =SUM(B10:B12) -> 0 | C13: =SUM(C10:C12) -> 800433934 | D13: =SUM(D10:D12) -> 901746379 | E13: =SUM(E10:E12) -> 1047019970
A14: Lãi vay được trừ (7) = 30% x (6) | B14: =B13*30% -> 0 | C14: =C13*30% -> 2.4013018e+08 | D14: =D13*30% -> 2.7052391e+08 | E14: =E13*30% -> 314105991
A15: Chi phí lãi vay không được trừ kỳ này (8) = (3) - (7) | B15: =B10-B14 -> 0 | C15: =C10-C14 -> 2.1119425e+08 | D15: =D10-D14 -> 3.1169521e+08 | E15: =E10-E14 -> 419077242
A16: Chi phí lãi vay không được trừ được chuyển tiếp trừ kỳ sau (9) | B16: =B15 -> 0 | C16: =B16+C10-C14 -> 2.1119425e+08 | D16: =C16+D10-D14 -> 5.2288946e+08 | E16: =D16+E10-E14 -> 9.419667e+08
B17: Năm 2020 thu hồi lãi vay do tồn quĩ nhiều
A19: Lưu ý: Đặt tên File là MST_tênDN | C19: 150513528 | D19: =+D15-100000000 -> 2.1169521e+08
C20: =+C15-C19 -> 60680718 | D20: 35000000
D22: =+D19-D20 -> 1.7669521e+08
C23: 270920
D24: =+D20*20% -> 7000000
C26: =+C24-C25 -> 0 | D26: 91452889
D27: 90392829
D28: =+D26-D27 -> 1060060

Sheet Nhập số liệu
A1: =" Tên doanh nghiệp: "&'Thong tin'!B3 -> Tên doanh nghiệp: CÔNG TY CP TƯ VẤN XÂY DỰNG TÂN TÂY NAM
A2: ="Trụ sở chính: " & 'Thong tin'!B4 -> Trụ sở chính: Số 9, Phú Hòa, Khóm 1, Phường 1, Tp. Trà Vinh
A3: ="Mã số thuế : " & 'Thong tin'!B5 -> Mã số thuế : 2100397070
A4: BẢNG TÍNH CHI PHÍ LÃI VAY KHI PHÁT SINH GIAO DỊCH LIÊN KẾT
A5: (Theo hướng dẫn tại Nghị định 132/2020/NĐ-CP ngày 05/11/2020)
A7: Chỉ tiêu | B7: Năm 2020 | C7: Năm 2021 | D7: Năm 2022 | E7: Năm 2023 | F7: Năm 2024
A8: Chi phí lãi vay (1)
A9: Lãi tiền gửi, lãi cho vay (2)
A10: Chi phí lãi vay trừ lãi tiền gửi, cho vay (3) =(1) - (2) | B10: =B8-B9 -> 0 | C10: =C8-C9 -> 0
A11: Chi phí khấu hao (4)
A12: Lợi nhuần thuần từ hoạt động sản xuất kinh doanh trong kỳ (5)
A13: EBITDA (6)= (3) + (4) + (5) | B13: =SUM(B10:B12) -> 0 | C13: =SUM(C10:C12) -> 0
A14: Lãi vay được trừ (7) = 30% x (6) | B14: =B13*30% -> 0 | C14: =C13*30% -> 0
A15: Chi phí lãi vay không được trừ kỳ này (8) = (3) - (7) | B15: =B10-B14 -> 0
A16: Chi phí lãi vay không được trừ được chuyển tiếp trừ kỳ sau (9) | B16: =B15 -> 0 | C16: =B16+C10-C14 -> 0
E18: Trà vinh, ngày tháng năm
A19: Lập bảng | E19: Giám đốc
A20: (Ký, họ tên) | E20: (Ký, họ tên, đóng dấu)
