Workbook

Sheet BCQT
A1: Công Ty TNHH Tư Vấn Xây Dựng Gia Tiến
A2: Địa chỉ: Số 372, Hương lộ 13, ấp Hòa Lạc C, Xã Lương Hoà A, Huyện Châu Thành, Tỉnh Trà Vinh
A4: BÁO CÁO QUYẾT TOÁN NĂM 2022
A6: STT | B6: Tên công trình, dịch vụ | C6: DTT | D6: Giá vốn | E6: Lãi | G6: DT 5112 | H6: Gia Vốn 5112 | I6: DT 5113 | J6: Gia Vốn 5113
A7: I | B7: Địa bàn không ưu đãi
A9: II | B9: Địa bàn khó khăn | C9: =+SUM(C10:C14) -> 1051741667 | D9: =+SUM(D10:D14) -> 939257339 | E9: =+SUM(E10:E14) -> 112484328 | G9: =+SUM(G10:G14) -> 924722222 | H9: =+SUM(H10:H14) -> 910198705 | I9: =+SUM(I10:I14) -> 127019445 | J9: =+SUM(J10:J14) -> 29058634
A10: 1 | B10: đồng định vị cọc, mốc mặt bằng công trình: Hạ tầng kỹ thuật cụm khucông nghiệp Hiệp Mỹ Tây, Huyện Cầu Ngang, | C10: 9000000 | D10: 2058958 | E10: =+C10-D10 -> 6941042 | F10: 5113 | I10: =+IF(F10=5113,C10,0) -> 9000000 | J10: =+IF(F10=5113,D10,0) -> 2058958
A11: 2 | B11: 2022_CT:ải tạo hội trường công an và xây dựng các hạng mục phụ trợ BCH quân sự thành phố Trà Vinh | C11: 924722222 | D11: 910198705 | E11: =+C11-D11 -> 14523517 | F11: 5112 | G11: =+IF(F11=5112,C11,0) -> 924722222 | H11: =+IF(F11=5112,D11,0) -> 910198705
A12: 3 | B12: tư vấn giám sát thi công xây dựng công trình Nâng cấp đường đan ấp Chợ Dưới, xã Phước Hưng | C12: 29041667 | D12: 6643953 | E12: =+C12-D12 -> 22397714 | F12: 5113 | I12: =+IF(F12=5113,C12,0) -> 29041667 | J12: =+IF(F12=5113,D12,0) -> 6643953
A13: 4 | B13: Tư vấn giám sát thi công xây dựng công trình Cải tạo, nâng cấp Trụ sở BND khóm, ấp trên địa bàn thành phố Trà Vinh năm 2022 | C13: 60318519 | D13: 13799255 | E13: =+C13-D13 -> 46519264 | F13: 5113 | I13: =+IF(F13=5113,C13,0) -> 60318519 | J13: =+IF(F13=5113,D13,0) -> 13799255
A14: 5 | B14: Chi phí giám sát thi công xây dựng công trình: Gói thầu số 05 giám sát kỹ thuật thi công xây dựng công trình | C14: 28659259 | D14: 6556468 | E14: =+C14-D14 -> 22102791 | F14: 5113 | I14: =+IF(F14=5113,C14,0) -> 28659259 | J14: =+IF(F14=5113,D14,0) -> 6556468
E15: =+C15-D15 -> 0
A16: III | B16: Địa bàn đặc biệt khó khăn | C16: =+SUM(C17:C27) -> 867771132 | D16: =+SUM(D17:D27) -> 198930357 | E16: =+SUM(E17:E27) -> 668840775 | G16: =+SUM(G17:G27) -> 0 | H16: =+SUM(H17:H27) -> 0 | I16: =+SUM(I17:I27) -> 867771132 | J16: =+SUM(J17:J27) -> 198930357
A17: 1 | B17: Tư vấn lập hồ sơ Báo cáo kinh tế - kỹ thuật công trình : Bảo dưỡng,sửa chữa mặt đường bị sụp lún các tuyến đường trên địa bàn thành phố Trà Vinh năm2022 | C17: 51594444 | D17: 11803422 | E17: =+C17-D17 -> 39791022 | F17: 5113 | I17: =+IF(F17=5113,C17,) -> 51594444 | J17: =+IF(F17=5113,D17,0) -> 11803422
A18: 2 | B18: Tư vấn lập hồ sơ Báo cáo kinh tế - kỹ thuật công trình : Bảo dưỡng,sửa chữa mặt đường bị sụp lún các tuyến đường trên địa bàn thành phố Trà Vinh năm2022 | C18: 50656364 | D18: 11803422 | E18: =+C18-D18 -> 38852942 | F18: 5113 | I18: =+IF(F18=5113,C18,) -> 50656364 | J18: =+IF(F18=5113,D18,0) -> 11803422
A19: 3 | B19: Tư vấn lập hồ sơ báo cáo kinh tế- kỹ thuật công trình: Sửa chữa cống thoát nước, thành phố Trà Vinh (cống thoát nước của dự án xử lý nước thải thành phố) | C19: 26758333 | D19: 6121587 | E19: =+C19-D19 -> 20636746 | F19: 5113 | I19: =+IF(F19=5113,C19,) -> 26758333 | J19: =+IF(F19=5113,D19,0) -> 6121587
A20: 4 | B20: Tư vấn khảo sát địa hình và lập Báo cáo kinh tế - kỹ thuật công trình: Đường tuyến đường giao thông ấp Rạch Bèo và cải tạo cầu Hai Ngọc, ấp Phú Hòa | C20: 64370370 | D20: 14726210 | E20: =+C20-D20 -> 49644160 | F20: 5113 | I20: =+IF(F20=5113,C20,) -> 64370370 | J20: =+IF(F20=5113,D20,0) -> 14726210
A21: 5 | B21: Tư vấn khảo sát địa hình và lập Báo cáo kinh tế - kỹ thuật: công trình: Đường GTNT ấp Vĩnh Hội (đoạn còn lại) và mở rộng hẻm đan 217 đường Bùi Hữu Nghĩa | C21: 126781481 | D21: 29004194 | E21: =+C21-D21 -> 97777287 | F21: 5113 | I21: =+IF(F21=5113,C21,) -> 126781481 | J21: =+IF(F21=5113,D21,0) -> 29004194
A22: 6 | B22: Tư vấn lập báo cáo kinh tế kỹ thuật công trình: Nâng cấp, sữa chữa sụp lún các tuyến đường trên địa bàn thành phố | C22: 53071296 | D22: 12141286 | E22: =+C22-D22 -> 40930010 | F22: 5113 | I22: =+IF(F22=5113,C22,) -> 53071296 | J22: =+IF(F22=5113,D22,0) -> 12141286
A23: 7 | B23: Khảo sát và lập Báo cáo kinh tế - kỹ thuật công trình Đường giao thông liên ấp Công Thiện Hùng, Vĩnh Hội | C23: 426131481 | D23: 97487426 | E23: =+C23-D23 -> 328644055 | F23: 5113 | I23: =+IF(F23=5113,C23,) -> 426131481 | J23: =+IF(F23=5113,D23,0) -> 97487426
A24: 8 | B24: Tư vấn thẩm tra thiết kế bản vẽ thi công và dự toán công trình San lắp và nâng cấp 2 bên mũi tàu và xây dựng hệ thống thoát nước phía trước Ủy ban nhân dân xã | C24: 4265999 | D24: 975946 | E24: =+C24-D24 -> 3290053 | F24: 5113 | I24: =+IF(F24=5113,C24,) -> 4265999 | J24: =+IF(F24=5113,D24,0) -> 975946
A25: 9 | B25: Tư vấn Thẩm tra thiết kế và dự toán xây dựng công trình Đường dân sinh cặp bệnh viện Trà Vinh | C25: 5196296 | D25: 1188773 | E25: =+C25-D25 -> 4007523 | F25: 5113 | I25: =+IF(F25=5113,C25,) -> 5196296 | J25: =+IF(F25=5113,D25,0) -> 1188773
A26: 10 | B26: Tư vấn lập hồ sơ Báo cáo kinh tế kỹ thuật công trình: Bảo dưỡng bờ kè sông Long Bình và sơn dãy phân cách các tuyến đường trên địa bàn thành phố Trà Vinh năm 2022 | C26: 45566364 | D26: 10617403 | E26: =+C26-D26 -> 34948961 | F26: 5113 | I26: =+IF(F26=5113,C26,) -> 45566364 | J26: =+IF(F26=5113,D26,0) -> 10617403
A27: 11 | B27: Tư vấn giám sát thi công xây dựng công trình Nâng cấp đường GTNT ấp Trà Sất A, xã Long Hiệp | C27: 13378704 | D27: 3060688 | E27: =+C27-D27 -> 10318016 | F27: 5113 | I27: =+IF(F27=5113,C27,) -> 13378704 | J27: =+IF(F27=5113,D27,0) -> 3060688
E28: =+C28-D28 -> 0
B29: TỔNG CỘNG | C29: =+C16+C9 -> 1919512799 | D29: =+D16+D9+D7 -> 1138187696 | E29: =+E16+E9+E7 -> 781325103 | G29: =+G16+G9 -> 924722222 | H29: =+H16+H9 -> 910198705 | I29: =+I16+I9 -> 994790577 | J29: =+J16+J9 -> 227988991

Sheet TTNDN
A1: Công Ty TNHH Tư Vấn Xây Dựng Gia Tiến
A2: MST: 2100632239
A4: BẢNG XÁC ĐỊNH THU NHẬP CHỊU THUẾ TNDN NĂM 2022
A6: Doanh thu | B6: Tỉ lệ/DT | C6: DTT | D6: Giá vốn | E6: CP quản lý | F6: Lợi nhuận | G6: TS | H6: Thuế TNDN | I6: Miễn giảm | J6: Thuế Sau Miễn | K6: Số thuế phải nộp
A7: Địa bàn không ưu đãi | B7: 0 | C7: 0 | D7: 0 | E7: 0 | F7: 0 | G7: 0.2 | H7: 0 | I7: 0 | K7: 0
A8: 5112 | B8: 0 | C8: 0 | D8: 0 | E8: 0 | F8: 0 | H8: 0 | J8: 0
A9: 5113 | B9: 0 | E9: 0 | F9: 0 | H9: 0 | J9: 0
A10: Địa bàn khó khăn | B10: 0.69107227 | C10: =+SUM(C11:C12) -> 1051741667 | D10: =+SUM(D11:D12) -> 939257339 | E10: =+SUM(E11:E12) -> 62660601 | F10: =+SUM(F11:F12) -> 49823727 | G10: 0.17 | H10: =+H12 -> 15366853 | I10: =+SUM(I11:I12) -> 7683426.6 | J10: =+SUM(J11:J12) -> 7683426.6 | K10: =+SUM(K11:K12) -> 7683426.6
A11: 5112 | B11: =+C11/$C$18 -> 0.47934799 | C11: =+BCQT!G9 -> 924722222 | D11: =+BCQT!H9 -> 910198705 | E11: =+B11*$E$18 -> 55093045 | F11: =+C11-D11-E11 -> -40569528 | H11: =+F11*$G$10 -> -6896819.7 | K11: =+J11 -> 0
A12: 5113 | B12: =+C12/$C$18 -> 0.065843033 | C12: =+BCQT!I9 -> 127019445 | D12: =+BCQT!J9 -> 29058634 | E12: =+B12*$E$18 -> 7567556.8 | F12: =+C12-D12-E12 -> 90393254 | H12: =+F12*G10 -> 15366853 | I12: =+H12*50% -> 7683426.6 | J12: =+H12-I12 -> 7683426.6 | K12: =+J12 -> 7683426.6
A13: Địa bàn đặc biệt khó khăn | B13: 0.30892773 | C13: =+SUM(C14:C17) -> 877383391 | D13: =+SUM(D14:D17) -> 198930357 | E13: =+SUM(E14:E17) -> 52272695 | F13: =+SUM(F14:F17) -> 6.2618034e+08 | G13: 0.1 | H13: =+SUM(H14:H17) -> 62618034 | I13: =+SUM(I14:I17) -> 31309017 | J13: =+SUM(J14:J17) -> 31309017 | K13: =+SUM(K14:K17) -> 31309017
A14: 5112 | B14: 0
A15: 5113 | B15: =+C15/$C$18 -> 0.44982627 | C15: =+BCQT!I16 -> 867771132 | D15: =+BCQT!J16 -> 198930357 | E15: =+B15*$E$18 -> 51700016 | F15: =C15-D15-E15 -> 6.1714076e+08 | H15: =+F15*$G$13 -> 61714076 | I15: =+H15*50% -> 30857038 | J15: =+H15-I15 -> 30857038 | K15: =+J15 -> 30857038
A16: 5151 | B16: =+C16/$C$18 -> 5.8224841e-05 | C16: 112323 | E16: =+B16*$E$18 -> 6691.9729 | F16: =C16-D16-E16 -> 105631.03 | H16: =+F16*$G$13 -> 10563.103 | I16: =+H16*50% -> 5281.5514 | J16: =+H16-I16 -> 5281.5514 | K16: =+J16 -> 5281.5514
A17: 711 | B17: =+C17/$C$18 -> 0.0049244791 | C17: 9499936 | E17: =+B17*$E$18 -> 565986.61 | F17: =C17-D17-E17 -> 8933949.4 | H17: =+F17*$G$13 -> 893394.94 | I17: =+H17*50% -> 446697.47 | J17: =+H17-I17 -> 446697.47 | K17: =+J17 -> 446697.47
A18: Tổng cộng | C18: =+C7+C10+C13 -> 1929125058 | D18: =+D7+D10+D13 -> 1138187696 | E18: =192057296-77124000 -> 114933296 | F18: =+C18-D18-E18 -> 676004066 | H18: =+H10+H13 -> 77984887 | I18: =+I10+I13 -> 38992444 | J18: =+J10+J13 -> 38992444 | K18: =+K10+K13 -> 38992444
D20: CP k dc trừ | E20: 77124000 | J20: Châu Thành, ngày 31/03/2022
J21: Giám đốc

Sheet Sheet3
