Workbook

Sheet BANG KE DOANH THU CT 2019
A1: BẢNG KÊ DOANH THU CÁC CÔNG TRÌNH NĂM 2019
A3: STT | C3: TÊN CÔNG TRÌNH | D3: DT THUẦN | E3: GIÁ THÀNH | F3: LỢI NHUẬN
A4: A | B4: CÔNG TRÌNH NẠO VÉT (5%) | D4: =SUM(D5:D6) -> 595472381 | E4: =SUM(E5:E6) -> 517131854 | F4: =SUM(F5:F6) -> 0
A5: 1 | C5: 2019_Thuỷ lợi nội đồng đợt 3 trên địa bàn huyện Châu Thành (HĐ 05/2019) | D5: 595472381 | E5: 517131854
A7: B | B7: CÔNG TRÌNH | D7: =D8+D12+D22 -> 13109097909 | E7: =E8+E12+E22 -> 12057390082 | F7: =+SUM(F8:F11) -> 0
A8: I | B8: CTY CP Công Trình Đô Thị Trà Vinh | C8: BÁO CÁO KINH TẾ KỸ THUẬT | D8: =SUM(D9:D11) -> -8005318 | E8: =SUM(E9:E11) -> 2251157
A9: 1 | C9: Lập BC KTKT KS đường đan liên ấp Đại Thôn - Rạch Vồn (xuất toán KL) | D9: -33884409
A10: 2 | C10: đường dẫn Bến Phà Bãi Vàng đén đê bao Hưng Mỹ (xuất toán KL) | D10: -909091
A11: 3 | C11: 2019_Tư vấn khảo sát và lập BC KTKT XDCT Xây dựng nhà kho hợp tác xã nông nghiệp phát tài ( HĐ 01/2019/HĐ-BCKTKT ngày 01/10/2019) | D11: 26788182 | E11: 2251157
A12: II | C12: CÔNG TRÌNH GIAO THÔNG | D12: =SUM(D13:D21) -> 8093106469 | E12: =SUM(E13:E21) -> 7525110361
A13: 1 | C13: 2016-CT đường nhựa GTNT ấp Đa Cần, xã Hòa Thuận | D13: -56802363
A14: 2 | C14: 2015_Di dân khẩn cấp vùng ven biển xã Trường Long Hòa | D14: 1099186328 | E14: 1011591747
A15: 3 | C15: 2018_Đường GTNT ấp Giồng Lức, xã Đa Lộc (từ Kênh sau chùa đến Kênh Sóc Cục) (HĐ 14/2018) | D15: 1498077273 | E15: 1447854175
A16: 4 | C16: 2018_đường GTNT ấp Đại Thôn, xã Phước Hảo (Đa Hậu - Hương Lộ 15) (HĐ 13/2018 | D16: 1090909091 | E16: 1038916160
A17: 5 | C17: 2019_Đường đal ấp Cổ Tháp A, B xã Nguyệt Hoá (HĐ 03/2019) | D17: 871265455 | E17: 789489597
A18: 6 | C18: 2019_Lắp đặt biển báo giao thông đường bộ trên địa bàn huyện CL (HĐ 08/HĐTC/2019 ngày 20/11/2019) | D18: 177181818 | E18: 139168305
A19: 7 | C19: 2019_Đường GTNT kênh Đa Hoà, xã Hoà Thuận (Vĩnh Lợi, Vĩnh Trường) | D19: 1127963636 | E19: 1057418356
A20: 8 | C20: 2019_Duy tu bảo dưỡng các công trình GTNT năm 2019 (HĐ 06/2019) | D20: 1523307086 | E20: 1427988743
A21: 9 | C21: 2019_Đường GTNT Thanh Nguyên B, xã Mý Chánh | D21: 762018145 | E21: 612683278
A22: III | C22: CÔNG TRÌNH XÂY DỰNG | D22: =SUM(D23:D35) -> 5023996758 | E22: =SUM(E23:E35) -> 4530028564
A23: 1 | C23: 2018_Cải tạo nhà văn hóa - khu thể thao ấp 4 xã Tân An Luông | D23: 123981818 | E23: 124662366
A24: 2 | C24: 2018_Cải tạo nhà văn hóa - khu thể thao các ấp trên địa bàn xã Tân An Luông | D24: 173305455 | E24: 182348011
A25: 3 | C25: 2018_XD CT nhà vệ sinh trụ sở làm việc UBND xã Tân An Luông | D25: 151709091 | E25: 147850445
A26: 4 | C26: 2018_Sửa chửa nâng cấp Cửa Hàng Xăng Dầu số 2 PETEC Trà Vinh (HĐ 21/2018) | D26: 536045454 | E26: 534490553
A27: 5 | C27: 2019_Cải tạo SC bộ phận 1 cửa và 1 số phòng làm việc của UBND xã Đa Lộc (HĐ 06/2019) | D27: 79520000 | E27: 45796562
A28: 6 | C28: 2019_NCSC trường THCS Thanh Mỹ, xãThanh Mỹ (HĐ 02/2019) | D28: 876440725 | E28: 742145594
A29: 7 | C29: 2019_SC nhà vệ sinh xã Mỹ Chánh (HĐ 07/2019) | D29: 11930909 | E29: 5946637
A30: 8 | C30: 2019_Đưòng nhựa QL54 đến giáp đường nhựa dự án IMPP, ấp Hương Phụ B, C, xã Đa Lộc (HĐ 01/2019) | D30: 829479130 | E30: 753505390
A31: 9 | C31: 2019_Xây dựng đường đal ấp Thanh Trì B,xã Đa Lộc (từ Đầu Giồng đến giáp kênh Thanh Nguyên) nối tiếp (HĐ 01/HĐTC/2019 ngày 15/5/2019 | D31: 1272727273 | E31: 1131395876
A32: 10 | C32: 2019_Xây lắp bọng thoát nước trên địa bàn xã Hoà Lợi, Lương Hoà, Hoà Thuận và Hưng Mỹ, huyện Châu Thành (HĐ 07/HĐTC/2019 ngày 24/06/2019) | D32: 423019630 | E32: 382080305
A33: 11 | C33: 2019_Sửa chữa đường nhựa liên ấp 5-6-8, xã Mỹ Cẩm huyện Càng Long (HĐ 07/HĐTC/2019 ngày 20/11/2019 | D33: 322047273 | E33: 292783709
A34: 12 | C34: 2019_Cải tạo, sửa chữa sân đường và hội trường Đảng uỷ xã Mỹ Chánh (HĐ 09/HDXD/2019 ngày 19/11/2019) | D34: 28363636 | E34: 12289719
A35: 13 | C35: 2019_Cải tạo, sửa chữa sân đường và hội trường Đảng uỷ xã Mỹ Chánh (HĐ 10/HDXD/2019 ngày 19/11/2019) | D35: 195426364 | E35: 174733397
B37: TỔNG CỘNG (A+B) | D37: =+D4+D7 -> 13704570290 | E37: =+E4+E7 -> 12574521936 | F37: =+F7+F4 -> 0
C39: Trà Vinh, ngày 31 tháng 12 năm 2019
C40: GIÁM ĐỐC

Sheet TINH THUE TNDN
A1: CÔNG TY TNHH MTV XÂY DỰNG PHÚ THỊNH
A2: MST: 2100469504
A4: BẢNG XÁC ĐỊNH THU NHẬP CHỊU THUẾ TNDN NĂM 2019 | N4: =+H7-N5 -> -57371178
N5: =+N7/N6 -> 57371178
A6: Doanh thu | B6: Tỉ lệ / DT | C6: Doanh thu | D6: GIÁ VỐN | E6: CHI PHÍ QL | F6: CHI PHÍ KHÁC | G6: TN khác | H6: Lợi nhuận | I6: TS | J6: Thuế TNDN | K6: Miễn giảm | L6: Chênh lệch 17% | M6: Số thuế phải nộp | N6: 0.225
A7: Địa bàn không ưu đãi | B7: =C7/C15 -> 0 | C7: =+C8 -> 0 | H7: =+B7*H15 -> 0 | I7: 0.2 | J7: =+I7*H7 -> 0 | K7: 0 | M7: =+J7-K7 -> 0 | N7: 12908515
A8: 5112 | C8: 0
A9: THỦY LỢI NỘI ĐỒNG | B9: =C9/C15 -> 0.04344976 | C9: =+C10 -> 595472381 | D9: ='BANG KE DOANH THU CT 2019'!E4 -> 517131854 | E9: =E15*B9 -> 42908193 | F9: =+F15*B9 -> 89940.569 | H9: =C9-D9-E9-F9 -> 35342393 | I9: 0 | J9: =H9*I9 -> 0 | K9: =+J9 -> 0 | M9: =+J9-K9 -> 0
A10: 5112 | C10: =+'BANG KE DOANH THU CT 2019'!D4 -> 595472381
A11: DOANH THU CHỊU THUẾ | B11: =C11/C15 -> 0.95655024 | C11: =+C12+C14+C13 -> 13109376206 | D11: ='BANG KE DOANH THU CT 2019'!E7 -> 12057390082 | E11: =E15*B11 -> 9.446276e+08 | F11: =+F15*B11 -> 1980049.4 | G11: =+G15 -> 238307835 | H11: =C11-D11-E11-F11+G11 -> 3.4368631e+08 | I11: 0.2 | J11: =+I11*H11 -> 68737262 | L11: =+J11-M11 -> 10310589 | M11: =+H11*17% -> 58426672
A12: 5112 | C12: =+'BANG KE DOANH THU CT 2019'!D12+'BANG KE DOANH THU CT 2019'!D22 -> 13117103227
A13: 5113 | C13: =+'BANG KE DOANH THU CT 2019'!D8 -> -8005318
A14: 5151 | C14: 278297
A15: Tổng cộng | C15: =+C11+C9 -> 13704848587 | D15: =+D11+D9 -> 12574521936 | E15: 987535795 | F15: =10555123-8485133 -> 2069990 | G15: 238307835 | H15: =H9+H11 -> 3.790287e+08 | J15: =J11+J9+J7 -> 68737262 | K15: =K11+K9+K7 -> 0 | M15: =M11+M9+M7 -> 58426672
H16: =+C15-#REF!-#REF!-#REF! -> #REF!
C17: 10793007946 | H17: 720227155 | K17: 74441349
C18: 454939007 | H18: =H17-H15 -> 3.4119845e+08 | K18: =+K17-M15 -> 16014677
C19: 781954 | J19: 54680132
C20: =+C19+C18+C17 -> 11248728907 | J20: =+J19-J7 -> 54680132
J21: Trà Vinh, ngày 31 tháng 12 năm 2019
J22: GIÁM ĐỐC
