Workbook

Sheet bao cao 2023
A1: Tên doanh nghiệp: | C1: Cộng ty TNHH TM Sun Minh
A2: Trụ sở chính: | C2: Ấp An Trại, Xã An Phú Tâ, Huyện Cầu Kè, Tỉnh Trà Vinh
A3: BẢNG BÁO CÁO SẢN LƯỢNG SẢN XUẤT VÀ TIÊU THỤ ĐIỆN SOLAR
B5: Công suất dự án : | D5: 20 Kw | E5: Năm 2023
A7: Thời gian | C7: Sản lượng phát | D7: Sản lượng bán | E7: Sản lượng phát bỏ | F7: Sản lượng tiêu dùng
A8: Tháng 1 | C8: =+D8+E8+F8 -> 78296 | D8: 76692 | E8: 1304 | F8: 300
A9: Tháng 2 | C9: =+D9+E9+F9 -> 83490 | D9: 81996 | E9: 1394 | F9: 100
A10: Tháng 3 | C10: =+D10+E10+F10 -> 111251 | D10: 109195 | E10: 1856 | F10: 200
A11: Quý I | C11: =SUM(C8:C10) -> 273037 | D11: =SUM(D8:D10) -> 267883 | E11: =SUM(E8:E10) -> 4554 | F11: =SUM(F8:F10) -> 600
A12: Tháng 4 | C12: =+D12+E12+F12 -> 106065 | D12: 104095 | E12: 1770 | F12: 200
A13: Tháng 5 | C13: =+D13+E13+F13 -> 93349 | D13: 91592 | E13: 1557 | F13: 200
A14: Tháng 6 | C14: =+D14+E14+F14 -> 91012 | D14: 89196 | E14: 1516 | F14: 300
A15: Quý II | C15: =SUM(C12:C14) -> 290426 | D15: =SUM(D12:D14) -> 284883 | E15: =SUM(E12:E14) -> 4843 | F15: =SUM(F12:F14) -> 700
A16: Tháng 7 | C16: =+D16+E16+F16 -> 79825 | D16: 78196 | E16: 1329 | F16: 300
A17: Tháng 8 | C17: =+D17+E17+F17 -> 97930 | D17: 96195 | E17: 1635 | F17: 100
A18: Tháng 9 | C18: =+D18+E18+F18 -> 79319 | D18: 77796 | E18: 1323 | F18: 200
A19: Quý III | C19: =SUM(C16:C18) -> 257074 | D19: =SUM(D16:D18) -> 252187 | E19: =SUM(E16:E18) -> 4287 | F19: =SUM(F16:F18) -> 600
A20: Tháng 10 | C20: =+D20+E20+F20 -> 88947 | D20: 87396 | E20: 1451 | F20: 100
A21: Tháng 11 | C21: =+D21+E21+F21 -> 83205 | D21: 81796 | E21: 1309 | F21: 100
A22: Tháng 12 | C22: =+D22+E22+F22 -> 79954 | D22: 78596 | E22: 1258 | F22: 100 | G22: treo T1
A23: Quý IV | C23: =SUM(C20:C22) -> 252106 | D23: =SUM(D20:D22) -> 247788 | E23: =SUM(E20:E22) -> 4018 | F23: =SUM(F20:F22) -> 300
A24: TỔNG | C24: =+C11+C15+C19+C23 -> 1072643 | D24: =+D11+D15+D19+D23 -> 1052741 | E24: =+E11+E15+E19+E23 -> 17702 | F24: =+F11+F15+F19+F23 -> 2200
A25: Hướng dẫn | C25: Sản lượng phát ghi số liệu từ phần mềm quản lý Solar
C26: Sản lượng bán ghi số liệu từ cơ quan điện lực chốt sổ + SL nội suy đến cuối cuối tháng
C27: Sản lượng phát bỏ ghi nhận điện lực không mua và những ngày cúp điện
C28: Sản lượng tiêu dùng là chênh lệch còn lại

Sheet GT Q1
A1: Tên DN: | B1: Công ty TNHH TM Sun Minh | E1: Mẫu số : S 25 - SKT/DNN
A2: Trụ sở chính: | B2: Ấp An Trại, Xã An Phú Tâ, Huyện Cầu Kè, Trà Vinh | E2: Ban hành theo quyết định số
E3: 133/2016/TT-BTC ngày 14/06/2016
E4: của bộ tài chính
A6: THẺ TÍNH GIÁ THÀNH SẢN PHẨM
A7: Tháng 12/2015
B9: Tên sản phẩm , dịch vụ : Điện năng lượng mặt trời
B10: Số lượng sản phẩm , dịch vụ hoàn thành trong kỳ : | E10: ='bao cao 2023'!C11 -> 273037
B11: Phương pháp tính giá thành : Giá thành thực tế
A13: Khoản mục chi phí sản xuất kinh doanh | B13: Chi phí SXKD dở dang đầu kỳ | C13: Chi phí SXKD phát sinh trong kỳ | D13: Chi phí SXKD dở dang cuối kỳ | E13: Giá thành sản phẩm dịch vụ trong kỳ
E14: Giá thành | F14: Giá thành đơn vị
A15: 1. Vật liệu
A18: 2. Nhân công
A21: 3. Máy
A24: 4. Chi phí chung | C24: =147478434+134441667 -> 281920101 | E24: =+B24+C24-D24 -> 281920101 | F24: =+E24/E10 -> 1032.5344
A27: Cộng
A30: Người ghi sổ | C30: Kế toán trưởng | E30: Giám đốc
A31: (Ký , họ tên) | C31: (Ký , họ tên) | E31: (Ký , họ tên,đóng dấu)

Sheet GT Q2
A1: Tên DN: | B1: Công ty TNHH TM Sun Minh | E1: Mẫu số : S 25 - SKT/DNN
A2: Trụ sở chính: | B2: Ấp An Trại, Xã An Phú Tâ, Huyện Cầu Kè, Trà Vinh | E2: Ban hành theo quyết định số
E3: 133/2016/TT-BTC ngày 14/06/2016
E4: của bộ tài chính
A6: THẺ TÍNH GIÁ THÀNH SẢN PHẨM
A7: Tháng 12/2015
B9: Tên sản phẩm , dịch vụ : Điện năng lượng mặt trời
B10: Số lượng sản phẩm , dịch vụ hoàn thành trong kỳ : | E10: ='bao cao 2023'!C15 -> 290426
B11: Phương pháp tính giá thành : Giá thành thực tế
A13: Khoản mục chi phí sản xuất kinh doanh | B13: Chi phí SXKD dở dang đầu kỳ | C13: Chi phí SXKD phát sinh trong kỳ | D13: Chi phí SXKD dở dang cuối kỳ | E13: Giá thành sản phẩm dịch vụ trong kỳ
E14: Giá thành | F14: Giá thành đơn vị
A15: 1. Vật liệu
A18: 2. Nhân công
A21: 3. Máy
A24: 4. Chi phí chung | C24: =147478434+134441667 -> 281920101 | E24: =+B24+C24-D24 -> 281920101 | F24: =+E24/E10 -> 970.71234
A27: Cộng
A30: Người ghi sổ | C30: Kế toán trưởng | E30: Giám đốc
A31: (Ký , họ tên) | C31: (Ký , họ tên) | E31: (Ký , họ tên,đóng dấu)

Sheet GT Q3
A1: Tên DN: | B1: Công ty TNHH TM Sun Minh | E1: Mẫu số : S 25 - SKT/DNN
A2: Trụ sở chính: | B2: Ấp An Trại, Xã An Phú Tâ, Huyện Cầu Kè, Trà Vinh | E2: Ban hành theo quyết định số
E3: 133/2016/TT-BTC ngày 14/06/2016
E4: của bộ tài chính
A6: THẺ TÍNH GIÁ THÀNH SẢN PHẨM
A7: Tháng 12/2015
B9: Tên sản phẩm , dịch vụ : Điện năng lượng mặt trời
B10: Số lượng sản phẩm , dịch vụ hoàn thành trong kỳ : | E10: ='bao cao 2023'!C19 -> 257074
B11: Phương pháp tính giá thành : Giá thành thực tế
A13: Khoản mục chi phí sản xuất kinh doanh | B13: Chi phí SXKD dở dang đầu kỳ | C13: Chi phí SXKD phát sinh trong kỳ | D13: Chi phí SXKD dở dang cuối kỳ | E13: Giá thành sản phẩm dịch vụ trong kỳ
E14: Giá thành | F14: Giá thành đơn vị
A15: 1. Vật liệu
A18: 2. Nhân công
A21: 3. Máy
A24: 4. Chi phí chung | C24: =147478434+132541667 -> 280020101 | E24: =+B24+C24-D24 -> 280020101 | F24: =+E24/E10 -> 1089.2587
A27: Cộng
A30: Người ghi sổ | C30: Kế toán trưởng | E30: Giám đốc
A31: (Ký , họ tên) | C31: (Ký , họ tên) | E31: (Ký , họ tên,đóng dấu)

Sheet GT Q4
A1: Tên DN: | B1: Công ty TNHH TM Sun Minh | E1: Mẫu số : S 25 - SKT/DNN
A2: Trụ sở chính: | B2: Ấp An Trại, Xã An Phú Tâ, Huyện Cầu Kè, Trà Vinh | E2: Ban hành theo quyết định số
E3: 133/2016/TT-BTC ngày 14/06/2016
E4: của bộ tài chính
A6: THẺ TÍNH GIÁ THÀNH SẢN PHẨM
A7: Tháng 12/2015
B9: Tên sản phẩm , dịch vụ : Điện năng lượng mặt trời
B10: Số lượng sản phẩm , dịch vụ hoàn thành trong kỳ : | E10: ='bao cao 2023'!C23 -> 252106
B11: Phương pháp tính giá thành : Giá thành thực tế
A13: Khoản mục chi phí sản xuất kinh doanh | B13: Chi phí SXKD dở dang đầu kỳ | C13: Chi phí SXKD phát sinh trong kỳ | D13: Chi phí SXKD dở dang cuối kỳ | E13: Giá thành sản phẩm dịch vụ trong kỳ
E14: Giá thành | F14: Giá thành đơn vị
A15: 1. Vật liệu
G17: 589913736 | H17: 6274
A18: 2. Nhân công | G18: 536655540 | H18: 6277
G19: =+G17+G18 -> 1126569276
A21: 3. Máy
A24: 4. Chi phí chung | C24: =147478434+135230539 -> 282708973 | E24: =+B24+C24-D24 -> 282708973 | F24: =+E24/E10 -> 1121.3893 | G24: =+'GT Q1'!C24+'GT Q2'!C24+'GT Q3'!C24+'GT Q4'!C24 -> 1126569276
A27: Cộng
A30: Người ghi sổ | C30: Kế toán trưởng | E30: Giám đốc
A31: (Ký , họ tên) | C31: (Ký , họ tên) | E31: (Ký , họ tên,đóng dấu)
