Workbook

Sheet bao cao 2021
A1: Tên doanh nghiệp: | C1: =#REF! -> #REF!
A2: Trụ sở chính: | C2: =#REF! -> #REF!
A3: BẢNG BÁO CÁO SẢN LƯỢNG SẢN XUẤT VÀ TIÊU THỤ ĐIỆN SOLAR
B5: Công suất dự án : | D5: 20 Kw | E5: Năm | F5: 2021
A7: Thời gian | C7: Sản lượng phát | D7: Sản lượng bán | E7: Sản lượng phát bỏ | F7: Sản lượng tiêu dùng | L7: SL (KW)
A8: Tháng 12/2020 | C8: =D8+E8 -> 72008.94 | D8: =22800+47797 -> 70597 | E8: =D8*2% -> 1411.94 | F8: 0 | G8: 1938 | H8: =D8*G8 -> 136816986 | I8: =E8*G8 -> 2736339.7
A9: Tháng 1 | C9: =D9+E9 -> 24478.98 | D9: =23999 -> 23999 | E9: =D9*2% -> 479.98 | F9: 100 | G9: 1938 | H9: =D9*G9 -> 46510062 | I9: =E9*G9 -> 930201.24 | L9: 47797 | M9: hoá đơn xuất tháng 1/2021 nhưng nội dung là từ ngày 11/12/2020 -31/12/2020 , nên chị chưa cộng vào tháng 1/2021
A10: Tháng 2 | C10: =D10+E10 -> 85782 | D10: 84100 | E10: =D10*2% -> 1682 | F10: 100 | G10: 1938 | H10: =D10*G10 -> 162985800 | I10: =E10*G10 -> 3259716
A11: Tháng 3 | C11: =D11+E11 -> 84451.92 | D11: 82796 | E11: =D11*2% -> 1655.92 | F11: 100 | G11: 1938 | H11: =D11*G11 -> 160458648 | I11: =E11*G11 -> 3209173
A12: Quý I | C12: =SUM(C9:C11) -> 194712.9 | D12: =SUM(D9:D11) -> 190895 | F12: =SUM(F9:F11) -> 300 | H12: =D12*G12 -> 0 | I12: =E12*G12 -> 0
A13: Tháng 4 | C13: =D13+E13 -> 113622.9 | D13: 111395 | E13: =D13*2% -> 2227.9 | F13: 100 | G13: 1938 | H13: =D13*G13 -> 215883510 | I13: =E13*G13 -> 4317670.2
A14: Tháng 5 | C14: =D14+E14 -> 99546.9 | D14: 97595 | E14: =D14*2% -> 1951.9 | F14: 100 | G14: 1938 | H14: =D14*G14 -> 189139110 | I14: =E14*G14 -> 3782782.2
A15: Tháng 6 | C15: =D15+E15 -> 94854.9 | D15: 92995 | E15: =D15*2% -> 1859.9 | F15: 100 | G15: 1938 | H15: =D15*G15 -> 180224310 | I15: =E15*G15 -> 3604486.2
A16: Quý II | C16: =SUM(C13:C15) -> 308024.7 | D16: =SUM(D13:D15) -> 301985 | F16: =SUM(F13:F15) -> 300 | H16: =D16*G16 -> 0 | I16: =E16*G16 -> 0
A17: Tháng 7 | C17: =+D17+E17 -> 99444.9 | D17: 97495 | E17: =D17*2% -> 1949.9 | F17: 200 | G17: 1938 | H17: =D17*G17 -> 188945310 | I17: =E17*G17 -> 3778906.2
A18: Tháng 8 | C18: =+D18+E18 -> 166047.84 | D18: 162792 | E18: =D18*2% -> 3255.84 | F18: 100 | G18: 1938 | H18: =D18*G18 -> 315490896 | I18: =E18*G18 -> 6309817.9
A19: Tháng 9 | C19: =+D19+E19 -> 78433.92 | D19: 76896 | E19: =D19*2% -> 1537.92 | F19: 200 | G19: 1938 | H19: =D19*G19 -> 149024448 | I19: =E19*G19 -> 2980489
A20: Quý III | C20: =SUM(C17:C19) -> 343926.66 | D20: =SUM(D17:D19) -> 337183 | F20: =SUM(F17:F19) -> 500 | H20: =D20*G20 -> 0 | I20: =E20*G20 -> 0
A21: Tháng 10 | C21: =+D21+E21 -> 71599.92 | D21: 70196 | E21: =D21*2% -> 1403.92 | F21: 100 | G21: 1938 | H21: =D21*G21 -> 136039848 | I21: =E21*G21 -> 2720797
A22: Tháng 11 | C22: =+D22+E22 -> 71803.92 | D22: 70396 | E22: =D22*2% -> 1407.92 | F22: 200 | G22: 1938 | H22: =D22*G22 -> 136427448 | I22: =E22*G22 -> 2728549
A23: Tháng 12 | C23: =+D23+E23 -> 75373.92 | D23: 73896 | E23: =D23*2% -> 1477.92 | F23: 200 | G23: 1938 | H23: =D23*G23 -> 143210448 | I23: =E23*G23 -> 2864209
A24: Quý IV | C24: =SUM(C21:C23) -> 218777.76 | D24: =SUM(D21:D23) -> 214488 | E24: =SUM(E8:E23) -> 22302.96 | F24: =SUM(F21:F23) -> 500 | H24: =C24*G24 -> 0 | I24: =E24*G24 -> 0 | L24: =F12+F16+F20+F24 -> 1600 | M24: =E12+E16+E20+E24 -> 22302.96 | N24: 1938 | O24: =M24*N24 -> 43223136
H25: =E24*G23 -> 43223136 | O25: =L24*N24 -> 3100800
A26: Hướng dẫn | C26: Sản lượng phát ghi số liệu từ phần mềm quản lý Solar | O26: =SUM(O24:O25) -> 46323936
C27: Sản lượng bán ghi số liệu từ cơ quan điện lực chốt sổ + SL nội suy đến cuối cuối tháng
C28: Sản lượng phát bỏ ghi nhận điện lực không mua và những ngày cúp điện
C29: Sản lượng tiêu dùng là chênh lệch còn lại

Sheet bao cao 2022
A1: Tên doanh nghiệp: | C1: Cộng ty TNHH TM Sun Minh
A2: Trụ sở chính: | C2: Ấp An Trại, Xã An Phú Tâ, Huyện Cầu Kè, Tỉnh Trà Vinh
A3: BẢNG BÁO CÁO SẢN LƯỢNG SẢN XUẤT VÀ TIÊU THỤ ĐIỆN SOLAR
B5: Công suất dự án : | D5: 20 Kw | E5: Năm 2022
A7: Thời gian | C7: Sản lượng phát | D7: Sản lượng bán | E7: Sản lượng phát bỏ
A8: Tháng 1 | C8: =D8+E8 -> 103728.9 | D8: 101695 | E8: =D8*2% -> 2033.9
A9: Tháng 2 | C9: =D9+E9 -> 86287.92 | D9: 84596 | E9: =D9*2% -> 1691.92
A10: Tháng 3 | C10: =D10+E10 -> 106074.9 | D10: 103995 | E10: =D10*2% -> 2079.9
A11: Quý I | C11: =SUM(C8:C10) -> 296091.72 | E11: =SUM(E8:E10) -> 5805.72
A12: Tháng 4 | C12: =D12+E12 -> 103116.9 | D12: 101095 | E12: =D12*2% -> 2021.9
A13: Tháng 5 | C13: =D13+E13 -> 85777.92 | D13: 84096 | E13: =D13*2% -> 1681.92
A14: Tháng 6 | C14: =D14+E14 -> 102606.9 | D14: 100595 | E14: =D14*2% -> 2011.9
A15: Quý II | C15: =SUM(C12:C14) -> 291501.72 | E15: =SUM(E12:E14) -> 5715.72
A16: Tháng 7 | C16: =+D16+E16 -> 81365.88 | D16: 78996 | E16: =D16*3% -> 2369.88
A17: Tháng 8 | C17: =+D17+E17 -> 91665.88 | D17: 88996 | E17: =D17*3% -> 2669.88
A18: Tháng 9 | C18: =+D18+E18 -> 86412.88 | D18: 83896 | E18: =D18*3% -> 2516.88
A19: Quý III | C19: =SUM(C16:C18) -> 259444.64 | E19: =SUM(E16:E18) -> 7556.64
A20: Tháng 10 | C20: =+D20+E20 -> 78481.88 | D20: 76196 | E20: =D20*3% -> 2285.88
A21: Tháng 11 | C21: =+D21+E21 -> 58817.12 | D21: 57104 | E21: =D21*3% -> 1713.12
A22: Tháng 12 | C22: =+D22+E22 -> 86209.97 | D22: 83699 | E22: =D22*3% -> 2510.97
A23: Quý IV | C23: =SUM(C20:C22) -> 223508.97 | D23: =SUM(D8:D22) -> 1044959 | E23: =SUM(E20:E22) -> 6509.97
G24: =+F24-C24 -> 0
A25: Hướng dẫn | C25: Sản lượng phát ghi số liệu từ phần mềm quản lý Solar
C26: Sản lượng bán ghi số liệu từ cơ quan điện lực chốt sổ + SL nội suy đến cuối cuối tháng
C27: Sản lượng phát bỏ ghi nhận điện lực không mua và những ngày cúp điện
C28: Sản lượng tiêu dùng là chênh lệch còn lại

Sheet GT Q1
A1: Tên DN: | B1: Công ty TNHH TM Sun Minh | E1: Mẫu số : S 25 - SKT/DNN
A2: Trụ sở chính: | B2: Ấp An Trại, Xã An Phú Tâ, Huyện Cầu Kè, Trà Vinh | E2: Ban hành theo quyết định số
E3: 133/2016/TT-BTC ngày 14/06/2016
E4: của bộ tài chính
A6: THẺ TÍNH GIÁ THÀNH SẢN PHẨM
A7: Tháng 12/2015
B9: Tên sản phẩm , dịch vụ : Điện năng lượng mặt trời
B10: Số lượng sản phẩm , dịch vụ hoàn thành trong kỳ : | E10: ='bao cao 2022'!C11 -> 296091.72
B11: Phương pháp tính giá thành : Giá thành thực tế
A13: Khoản mục chi phí sản xuất kinh doanh | B13: Chi phí SXKD dở dang đầu kỳ | C13: Chi phí SXKD phát sinh trong kỳ | D13: Chi phí SXKD dở dang cuối kỳ | E13: Giá thành sản phẩm dịch vụ trong kỳ
E14: Giá thành | F14: Giá thành đơn vị
A15: 1. Vật liệu
A18: 2. Nhân công
A21: 3. Máy
A24: 4. Chi phí chung | C24: =147478434+103366668 -> 250845102 | E24: =+B24+C24-D24 -> 250845102 | F24: =+E24/E10 -> 847.18716
A27: Cộng
A30: Người ghi sổ | C30: Kế toán trưởng | E30: Giám đốc
A31: (Ký , họ tên) | C31: (Ký , họ tên) | E31: (Ký , họ tên,đóng dấu)

Sheet GT Q2
A1: Tên DN: | B1: Công ty TNHH TM Sun Minh | E1: Mẫu số : S 25 - SKT/DNN
A2: Trụ sở chính: | B2: Ấp An Trại, Xã An Phú Tâ, Huyện Cầu Kè, Trà Vinh | E2: Ban hành theo quyết định số
E3: 133/2016/TT-BTC ngày 14/06/2016
E4: của bộ tài chính
A6: THẺ TÍNH GIÁ THÀNH SẢN PHẨM
A7: Tháng 12/2015
B9: Tên sản phẩm , dịch vụ : Điện năng lượng mặt trời
B10: Số lượng sản phẩm , dịch vụ hoàn thành trong kỳ : | E10: ='bao cao 2022'!C15 -> 291501.72
B11: Phương pháp tính giá thành : Giá thành thực tế
A13: Khoản mục chi phí sản xuất kinh doanh | B13: Chi phí SXKD dở dang đầu kỳ | C13: Chi phí SXKD phát sinh trong kỳ | D13: Chi phí SXKD dở dang cuối kỳ | E13: Giá thành sản phẩm dịch vụ trong kỳ
E14: Giá thành | F14: Giá thành đơn vị
A15: 1. Vật liệu
A18: 2. Nhân công
A21: 3. Máy
A24: 4. Chi phí chung | C24: =147478434+103366668 -> 250845102 | E24: =+B24+C24-D24 -> 250845102 | F24: =+E24/E10 -> 860.527
A27: Cộng
A30: Người ghi sổ | C30: Kế toán trưởng | E30: Giám đốc
A31: (Ký , họ tên) | C31: (Ký , họ tên) | E31: (Ký , họ tên,đóng dấu)

Sheet GT Q3
A1: Tên DN: | B1: Công ty TNHH TM Sun Minh | E1: Mẫu số : S 25 - SKT/DNN
A2: Trụ sở chính: | B2: Ấp An Trại, Xã An Phú Tâ, Huyện Cầu Kè, Trà Vinh | E2: Ban hành theo quyết định số
E3: 133/2016/TT-BTC ngày 14/06/2016
E4: của bộ tài chính
A6: THẺ TÍNH GIÁ THÀNH SẢN PHẨM
A7: Tháng 12/2015
B9: Tên sản phẩm , dịch vụ : Điện năng lượng mặt trời
B10: Số lượng sản phẩm , dịch vụ hoàn thành trong kỳ : | E10: ='bao cao 2022'!C19 -> 259444.64
B11: Phương pháp tính giá thành : Giá thành thực tế
A13: Khoản mục chi phí sản xuất kinh doanh | B13: Chi phí SXKD dở dang đầu kỳ | C13: Chi phí SXKD phát sinh trong kỳ | D13: Chi phí SXKD dở dang cuối kỳ | E13: Giá thành sản phẩm dịch vụ trong kỳ
E14: Giá thành | F14: Giá thành đơn vị
A15: 1. Vật liệu
A18: 2. Nhân công
A21: 3. Máy
A24: 4. Chi phí chung | C24: =168853791+103366668 -> 272220459 | E24: =+B24+C24-D24 -> 272220459 | F24: =+E24/E10 -> 1049.2429
A27: Cộng
A30: Người ghi sổ | C30: Kế toán trưởng | E30: Giám đốc
A31: (Ký , họ tên) | C31: (Ký , họ tên) | E31: (Ký , họ tên,đóng dấu)

Sheet GT Q4
A1: Tên DN: | B1: Công ty TNHH TM Sun Minh | E1: Mẫu số : S 25 - SKT/DNN
A2: Trụ sở chính: | B2: Ấp An Trại, Xã An Phú Tâ, Huyện Cầu Kè, Trà Vinh | E2: Ban hành theo quyết định số
E3: 133/2016/TT-BTC ngày 14/06/2016
E4: của bộ tài chính
A6: THẺ TÍNH GIÁ THÀNH SẢN PHẨM
A7: Tháng 12/2015
B9: Tên sản phẩm , dịch vụ : Điện năng lượng mặt trời
B10: Số lượng sản phẩm , dịch vụ hoàn thành trong kỳ : | E10: ='bao cao 2022'!C23 -> 223508.97
B11: Phương pháp tính giá thành : Giá thành thực tế
A13: Khoản mục chi phí sản xuất kinh doanh | B13: Chi phí SXKD dở dang đầu kỳ | C13: Chi phí SXKD phát sinh trong kỳ | D13: Chi phí SXKD dở dang cuối kỳ | E13: Giá thành sản phẩm dịch vụ trong kỳ
E14: Giá thành | F14: Giá thành đơn vị
A15: 1. Vật liệu
G17: 632664450 | H17: 6274
A18: 2. Nhân công | G18: 592680740 | H18: 6277
G19: =+G17+G18 -> 1225345190
A21: 3. Máy
A24: 4. Chi phí chung | C24: =168853791+282580736 -> 451434527 | E24: =+B24+C24-D24 -> 451434527 | F24: =+E24/E10 -> 2019.7602 | G24: =+'GT Q1'!C24+'GT Q2'!C24+'GT Q3'!C24+'GT Q4'!C24 -> 1225345190
A27: Cộng
A30: Người ghi sổ | C30: Kế toán trưởng | E30: Giám đốc
A31: (Ký , họ tên) | C31: (Ký , họ tên) | E31: (Ký , họ tên,đóng dấu)
